"","yr","mo","bay_segment","mean_chla","sum_chla"
"1",1974,1,"HB",36.2,NA
"2",1974,1,"LTB",1.75,NA
"3",1974,1,"OTB",4.4,NA
"4",1974,2,"HB",42.4,NA
"5",1974,2,"LTB",5.5,NA
"6",1974,2,"OTB",4.07142857142857,NA
"7",1974,3,"HB",14.9,NA
"8",1974,3,"LTB",5.875,NA
"9",1974,4,"HB",14.6,NA
"10",1974,4,"LTB",1.75,NA
"11",1974,4,"OTB",3.93333333333333,NA
"12",1974,5,"HB",14,NA
"13",1974,5,"LTB",4.25,NA
"14",1974,5,"OTB",4.53333333333333,NA
"15",1974,6,"HB",16.3,NA
"16",1974,6,"LTB",2,NA
"17",1974,6,"OTB",5.92857142857143,NA
"18",1974,7,"HB",25.25,NA
"19",1974,7,"LTB",3,NA
"20",1974,7,"OTB",15.4666666666667,NA
"21",1974,8,"HB",20.9,NA
"22",1974,8,"LTB",8.75,NA
"23",1974,8,"OTB",21.9285714285714,NA
"24",1974,9,"HB",21.7,NA
"25",1974,9,"LTB",4.5,NA
"26",1974,9,"OTB",15.6153846153846,NA
"27",1974,10,"HB",27.6,NA
"28",1974,10,"OTB",17.6,NA
"29",1974,11,"LTB",6.5,NA
"30",1974,11,"OTB",8.93333333333333,NA
"31",1974,12,"HB",12.6,NA
"32",1974,12,"LTB",2.75,NA
"33",1975,1,"HB",13.7,NA
"34",1975,1,"LTB",0,NA
"35",1975,1,"OTB",6.35714285714286,NA
"36",1975,2,"HB",19.7,NA
"37",1975,2,"LTB",1.66666666666667,NA
"38",1975,2,"OTB",8.26666666666667,NA
"39",1975,3,"HB",28,NA
"40",1975,3,"LTB",2.6,NA
"41",1975,3,"OTB",10,NA
"42",1975,4,"HB",19.65,NA
"43",1975,4,"LTB",2.14285714285714,NA
"44",1975,4,"OTB",10.6666666666667,NA
"45",1975,5,"HB",17.5,NA
"46",1975,5,"LTB",3.5,NA
"47",1975,5,"OTB",9.66666666666667,NA
"48",1975,6,"HB",26.8,NA
"49",1975,6,"LTB",3.5,NA
"50",1975,6,"OTB",12.4,NA
"51",1975,7,"HB",36,NA
"52",1975,7,"LTB",6.5,NA
"53",1975,7,"OTB",19.7333333333333,NA
"54",1975,8,"HB",40.3,NA
"55",1975,8,"LTB",6.25,NA
"56",1975,8,"OTB",21,NA
"57",1975,9,"HB",39.7,NA
"58",1975,9,"LTB",6,NA
"59",1975,9,"OTB",22.8666666666667,NA
"60",1975,10,"HB",37.6,NA
"61",1975,10,"LTB",13.5,NA
"62",1975,10,"OTB",15.8666666666667,NA
"63",1975,11,"HB",28.3,NA
"64",1975,11,"LTB",8.625,NA
"65",1975,11,"OTB",13.4666666666667,NA
"66",1975,12,"OTB",8.2,NA
"67",1976,1,"HB",29.37,NA
"68",1976,1,"LTB",3.0625,NA
"69",1976,1,"OTB",4.54666666666667,NA
"70",1976,2,"HB",16.28,NA
"71",1976,2,"LTB",2.58571428571429,NA
"72",1976,2,"OTB",8.56,NA
"73",1976,3,"HB",27.215,NA
"74",1976,3,"LTB",4.6125,NA
"75",1976,3,"OTB",12.42,NA
"76",1976,4,"HB",19.59,NA
"77",1976,4,"LTB",4.6625,NA
"78",1976,4,"OTB",11.6666666666667,NA
"79",1976,5,"HB",65.62,NA
"80",1976,5,"LTB",5.5875,NA
"81",1976,5,"OTB",10.3866666666667,NA
"82",1976,6,"LTB",5.15,NA
"83",1976,6,"OTB",12.4866666666667,NA
"84",1976,7,"HB",39.32,NA
"85",1976,7,"LTB",4.125,NA
"86",1976,7,"OTB",17.3733333333333,NA
"87",1976,8,"LTB",11.9375,NA
"88",1976,8,"OTB",23.5266666666667,NA
"89",1976,9,"HB",20.935,NA
"90",1976,9,"LTB",8.9375,NA
"91",1976,9,"OTB",16.6133333333333,NA
"92",1976,10,"HB",16.88,NA
"93",1976,10,"LTB",3.625,NA
"94",1976,10,"OTB",8.7,NA
"95",1976,11,"LTB",2.925,NA
"96",1976,11,"OTB",4.30666666666667,NA
"97",1976,12,"HB",29.85,NA
"98",1976,12,"LTB",3.775,NA
"99",1976,12,"OTB",0,NA
"100",1977,1,"HB",14.6,NA
"101",1977,1,"LTB",3.125,NA
"102",1977,2,"HB",34.82,NA
"103",1977,2,"LTB",2,NA
"104",1977,2,"OTB",2.22666666666667,NA
"105",1977,3,"HB",34.48,NA
"106",1977,3,"LTB",4.675,NA
"107",1977,3,"OTB",4.8,NA
"108",1977,4,"HB",23.04,NA
"109",1977,4,"LTB",5.7125,NA
"110",1977,4,"OTB",8.68666666666667,NA
"111",1977,5,"HB",27.92,NA
"112",1977,5,"LTB",5.6,NA
"113",1977,5,"OTB",12.02,NA
"114",1977,6,"HB",46.0666666666667,NA
"115",1977,6,"LTB",4.25,NA
"116",1977,6,"OTB",11.7133333333333,NA
"117",1977,7,"HB",72.7,NA
"118",1977,7,"LTB",6.25,NA
"119",1977,7,"OTB",9.12,NA
"120",1977,8,"HB",28.47,NA
"121",1977,8,"LTB",4.3875,NA
"122",1977,8,"OTB",24.72,NA
"123",1977,9,"HB",20.03,NA
"124",1977,9,"LTB",9.45,NA
"125",1977,9,"OTB",20.7166666666667,NA
"126",1977,10,"HB",34.63,NA
"127",1977,10,"LTB",7.6,NA
"128",1977,10,"OTB",13.2,NA
"129",1977,11,"HB",35.06,NA
"130",1977,11,"LTB",5.6625,NA
"131",1977,11,"OTB",6.83333333333333,NA
"132",1977,12,"HB",18.69,NA
"133",1977,12,"LTB",4.8625,NA
"134",1978,1,"HB",24.64,NA
"135",1978,1,"LTB",4.275,NA
"136",1978,1,"OTB",4.66666666666667,NA
"137",1978,2,"HB",32.13,NA
"138",1978,2,"LTB",2.85714285714286,NA
"139",1978,2,"OTB",3.46,NA
"140",1978,3,"HB",34.89,NA
"141",1978,3,"LTB",3.7125,NA
"142",1978,3,"OTB",4.69333333333333,NA
"143",1978,4,"HB",19.55,NA
"144",1978,4,"LTB",3.55,NA
"145",1978,4,"OTB",13.9733333333333,NA
"146",1978,5,"HB",29.875,NA
"147",1978,5,"LTB",4.525,NA
"148",1978,5,"OTB",10.82,NA
"149",1978,6,"HB",20.81,NA
"150",1978,6,"LTB",3.6125,NA
"151",1978,6,"OTB",13.44,NA
"152",1978,7,"HB",11.4714285714286,NA
"153",1978,7,"LTB",3.4125,NA
"154",1978,7,"OTB",14.2,NA
"155",1978,8,"HB",18.93,NA
"156",1978,8,"LTB",6.09375,NA
"157",1978,8,"OTB",9.83333333333333,NA
"158",1978,9,"HB",18.84,NA
"159",1978,9,"LTB",6.7875,NA
"160",1978,9,"OTB",10.66,NA
"161",1978,10,"OTB",8.66,NA
"162",1978,11,"HB",14.46,NA
"163",1978,11,"LTB",6.1125,NA
"164",1978,11,"OTB",10.26,NA
"165",1978,12,"HB",16.67,NA
"166",1978,12,"LTB",7.7875,NA
"167",1979,1,"HB",38.51,NA
"168",1979,1,"LTB",3.375,NA
"169",1979,1,"OTB",7.63333333333333,NA
"170",1979,2,"HB",24.96,NA
"171",1979,2,"LTB",3.1125,NA
"172",1979,2,"OTB",7.17333333333333,NA
"173",1979,3,"HB",37.51,NA
"174",1979,3,"LTB",1.025,NA
"175",1979,3,"OTB",6.77333333333333,NA
"176",1979,4,"HB",28.63,NA
"177",1979,4,"LTB",13.65,NA
"178",1979,4,"OTB",30.2866666666667,NA
"179",1979,5,"HB",40.935,NA
"180",1979,5,"LTB",5.7625,NA
"181",1979,5,"OTB",11.3466666666667,NA
"182",1979,6,"HB",15.75,NA
"183",1979,6,"LTB",4.6375,NA
"184",1979,6,"OTB",10.3266666666667,NA
"185",1979,7,"HB",39.57,NA
"186",1979,7,"LTB",5.275,NA
"187",1979,7,"OTB",24.4933333333333,NA
"188",1979,8,"HB",23.05,NA
"189",1979,8,"LTB",6.05,NA
"190",1979,8,"OTB",19.5133333333333,NA
"191",1979,9,"HB",23.65,NA
"192",1979,9,"LTB",13.1125,NA
"193",1979,9,"OTB",22.04,NA
"194",1979,10,"HB",23.36,NA
"195",1979,10,"LTB",17.025,NA
"196",1979,10,"OTB",33.6533333333333,NA
"197",1979,11,"HB",31.1,NA
"198",1979,11,"LTB",7.6375,NA
"199",1979,11,"OTB",24.74,NA
"200",1980,1,"HB",16.51,NA
"201",1980,1,"LTB",6.3,NA
"202",1980,1,"OTB",15.2066666666667,NA
"203",1980,2,"HB",13.74,NA
"204",1980,2,"LTB",4.6,NA
"205",1980,2,"OTB",7.61333333333333,NA
"206",1980,3,"HB",27.7,NA
"207",1980,3,"LTB",4.325,NA
"208",1980,3,"OTB",10.0066666666667,NA
"209",1980,4,"HB",12.73,NA
"210",1980,4,"LTB",6.7,NA
"211",1980,4,"OTB",8.16666666666667,NA
"212",1980,5,"HB",8.05,NA
"213",1980,5,"LTB",3.375,NA
"214",1980,5,"OTB",13.3266666666667,NA
"215",1980,6,"HB",26.77,NA
"216",1980,6,"LTB",5.925,NA
"217",1980,6,"OTB",21.6933333333333,NA
"218",1980,7,"HB",24.93,NA
"219",1980,7,"LTB",4.95,NA
"220",1980,7,"OTB",15.9866666666667,NA
"221",1980,8,"HB",43.03,NA
"222",1980,8,"LTB",4.5375,NA
"223",1980,8,"OTB",17.2933333333333,NA
"224",1980,9,"LTB",8.6375,NA
"225",1980,9,"OTB",18.0266666666667,NA
"226",1980,10,"HB",29.99,NA
"227",1980,10,"LTB",7.2875,NA
"228",1980,10,"OTB",12.6933333333333,NA
"229",1980,11,"LTB",10.8375,NA
"230",1980,11,"OTB",12.5666666666667,NA
"231",1980,12,"HB",22.92,NA
"232",1980,12,"LTB",5.7875,NA
"233",1981,1,"HB",39.64,NA
"234",1981,1,"LTB",2.0875,NA
"235",1981,1,"OTB",4.11333333333333,NA
"236",1981,2,"HB",15.91,NA
"237",1981,2,"LTB",4.4375,NA
"238",1981,2,"OTB",4.39333333333333,NA
"239",1981,3,"HB",4.61,NA
"240",1981,3,"OTB",6.60666666666667,NA
"241",1981,4,"HB",27.65,NA
"242",1981,4,"LTB",5.225,NA
"243",1981,4,"OTB",10.8666666666667,NA
"244",1981,5,"HB",26.62,NA
"245",1981,5,"LTB",4.8625,NA
"246",1981,5,"OTB",14.7666666666667,NA
"247",1981,6,"HB",49.52,NA
"248",1981,6,"LTB",9.875,NA
"249",1981,6,"OTB",19.58,NA
"250",1981,7,"HB",64.6,NA
"251",1981,7,"LTB",11.05,NA
"252",1981,7,"OTB",14.9733333333333,NA
"253",1981,8,"HB",33.91,NA
"254",1981,8,"LTB",7.0125,NA
"255",1981,8,"OTB",19.78,NA
"256",1981,9,"HB",34.81,NA
"257",1981,9,"LTB",7.6875,NA
"258",1981,9,"OTB",16.4666666666667,NA
"259",1981,10,"HB",20.1157894736842,NA
"260",1981,10,"LTB",7.225,NA
"261",1981,10,"OTB",12.7333333333333,NA
"262",1981,11,"LTB",4.975,NA
"263",1981,11,"OTB",8.04,NA
"264",1981,12,"HB",24.43,NA
"265",1981,12,"LTB",3.7875,NA
"266",1982,1,"HB",14.6111111111111,NA
"267",1982,1,"LTB",2.825,NA
"268",1982,1,"OTB",5.40666666666667,NA
"269",1982,2,"HB",13.55,NA
"270",1982,2,"LTB",2.575,NA
"271",1982,2,"OTB",4.14666666666667,NA
"272",1982,3,"HB",18.62,NA
"273",1982,3,"LTB",3.05,NA
"274",1982,3,"OTB",12.1466666666667,NA
"275",1982,4,"HB",37.32,NA
"276",1982,4,"LTB",3.9625,NA
"277",1982,4,"OTB",15.2333333333333,NA
"278",1982,7,"HB",78.44,NA
"279",1982,7,"LTB",7.4125,NA
"280",1982,8,"HB",67.03,NA
"281",1982,8,"LTB",8.225,NA
"282",1982,8,"OTB",18.3266666666667,NA
"283",1982,9,"HB",31.07,NA
"284",1982,9,"LTB",9.625,NA
"285",1982,9,"OTB",15.88,NA
"286",1982,10,"HB",50.25,NA
"287",1982,10,"LTB",8.95,NA
"288",1982,10,"OTB",16.4533333333333,NA
"289",1982,11,"HB",30.08,NA
"290",1982,11,"LTB",10.2625,NA
"291",1982,11,"OTB",11.2933333333333,NA
"292",1982,12,"HB",19.97,NA
"293",1982,12,"LTB",3.9375,NA
"294",1982,12,"OTB",18.02,NA
"295",1983,1,"HB",12.8,NA
"296",1983,1,"LTB",2.425,NA
"297",1983,1,"OTB",18.4066666666667,NA
"298",1983,2,"HB",16.97,NA
"299",1983,2,"LTB",5.725,NA
"300",1983,2,"OTB",6.86,NA
"301",1983,3,"HB",11.97,NA
"302",1983,3,"LTB",9.575,NA
"303",1983,3,"OTB",8.19333333333333,NA
"304",1983,4,"HB",27.53,NA
"305",1983,4,"LTB",5.825,NA
"306",1983,4,"OTB",11.04,NA
"307",1983,5,"HB",16.81,NA
"308",1983,5,"LTB",3.7375,NA
"309",1983,5,"OTB",11.56,NA
"310",1983,6,"HB",20.15,NA
"311",1983,6,"LTB",6.9875,NA
"312",1983,6,"OTB",21.4166666666667,NA
"313",1983,7,"HB",35.49,NA
"314",1983,7,"LTB",4.25,NA
"315",1983,7,"OTB",15.4666666666667,NA
"316",1983,8,"HB",33.42,NA
"317",1983,8,"LTB",6.9375,NA
"318",1983,8,"OTB",19.98,NA
"319",1983,9,"HB",48.52,NA
"320",1983,9,"LTB",11.6625,NA
"321",1983,9,"OTB",34.6666666666667,NA
"322",1983,10,"HB",36.1,NA
"323",1983,10,"LTB",13.1875,NA
"324",1983,10,"OTB",21.7266666666667,NA
"325",1983,11,"HB",24.72,NA
"326",1983,11,"OTB",23.6266666666667,NA
"327",1983,12,"LTB",9.61428571428571,NA
"328",1984,1,"HB",8.83,NA
"329",1984,1,"LTB",4.35,NA
"330",1984,1,"OTB",13.92,NA
"331",1984,2,"HB",6.7,NA
"332",1984,2,"LTB",4.0125,NA
"333",1984,3,"HB",17.43,NA
"334",1984,3,"LTB",4.4,NA
"335",1984,3,"OTB",6.81333333333333,NA
"336",1984,4,"HB",16.66,NA
"337",1984,4,"LTB",3.675,NA
"338",1984,4,"OTB",8.74,NA
"339",1984,5,"HB",15.05,NA
"340",1984,5,"LTB",2.25,NA
"341",1984,5,"OTB",11.4466666666667,NA
"342",1984,6,"HB",6.97,NA
"343",1984,6,"LTB",4.1875,NA
"344",1984,6,"OTB",10.1866666666667,NA
"345",1984,7,"HB",13.01,NA
"346",1984,7,"LTB",4.1375,NA
"347",1984,7,"OTB",10.3133333333333,NA
"348",1984,8,"HB",22.7105263157895,NA
"349",1984,8,"LTB",5.275,NA
"350",1984,8,"OTB",12.76,NA
"351",1984,9,"HB",8.26,NA
"352",1984,9,"LTB",2.4625,NA
"353",1984,9,"OTB",5.88666666666667,NA
"354",1984,10,"HB",16.54,NA
"355",1984,10,"LTB",5.125,NA
"356",1984,10,"OTB",7.14666666666667,NA
"357",1984,11,"HB",11.4,NA
"358",1984,11,"OTB",4.39333333333333,NA
"359",1984,12,"LTB",2.8625,NA
"360",1985,1,"HB",7.86,NA
"361",1985,1,"LTB",1.8125,NA
"362",1985,1,"OTB",7.41333333333333,NA
"363",1985,2,"HB",6.96,NA
"364",1985,2,"LTB",2.9375,NA
"365",1985,2,"OTB",4.14666666666667,NA
"366",1985,3,"HB",11.55,NA
"367",1985,3,"LTB",3.4,NA
"368",1985,3,"OTB",8.07333333333333,NA
"369",1985,4,"HB",18.8555555555556,NA
"370",1985,4,"LTB",3.2125,NA
"371",1985,4,"OTB",9.02,NA
"372",1985,5,"HB",12.46,NA
"373",1985,5,"LTB",2.8625,NA
"374",1985,5,"OTB",12.4933333333333,NA
"375",1985,6,"HB",20.85,NA
"376",1985,6,"LTB",3.8625,NA
"377",1985,6,"OTB",13.74,NA
"378",1985,7,"HB",19.38,NA
"379",1985,7,"LTB",3.675,NA
"380",1985,7,"OTB",15.97,NA
"381",1985,8,"HB",27.01,NA
"382",1985,8,"LTB",4.6125,NA
"383",1985,8,"OTB",20.7666666666667,NA
"384",1985,9,"HB",31.78,NA
"385",1985,9,"LTB",4.575,NA
"386",1985,10,"HB",13.46,NA
"387",1985,10,"LTB",13.45,NA
"388",1985,10,"OTB",12.2533333333333,NA
"389",1985,11,"HB",37.99,NA
"390",1985,11,"LTB",8.25,NA
"391",1985,11,"OTB",7.76666666666667,NA
"392",1985,12,"HB",23.08,NA
"393",1985,12,"LTB",4.5375,NA
"394",1986,1,"HB",5.86,NA
"395",1986,1,"LTB",3.08571428571429,NA
"396",1986,1,"OTB",3.97333333333333,NA
"397",1986,2,"HB",16.81,NA
"398",1986,2,"LTB",2.44285714285714,NA
"399",1986,2,"OTB",3.25333333333333,NA
"400",1986,3,"HB",12.05,NA
"401",1986,3,"LTB",5.3125,NA
"402",1986,3,"OTB",4.77333333333333,NA
"403",1986,4,"HB",10.99,NA
"404",1986,4,"LTB",2.8,NA
"405",1986,4,"OTB",6.16333333333333,NA
"406",1986,5,"HB",10.23,NA
"407",1986,5,"LTB",2.7875,NA
"408",1986,5,"OTB",13.94,NA
"409",1986,6,"HB",16.18,NA
"410",1986,6,"LTB",5.475,NA
"411",1986,6,"OTB",13.6866666666667,NA
"412",1986,7,"HB",18.27,NA
"413",1986,7,"LTB",2.475,NA
"414",1986,7,"OTB",22.4428571428571,NA
"415",1986,8,"HB",25.68,NA
"416",1986,8,"LTB",4.775,NA
"417",1986,9,"HB",31.13,NA
"418",1986,9,"LTB",3.825,NA
"419",1986,9,"OTB",16.56,NA
"420",1986,10,"HB",19.64,NA
"421",1986,10,"LTB",6.8625,NA
"422",1986,10,"OTB",14.7333333333333,NA
"423",1986,11,"LTB",3.325,NA
"424",1986,11,"OTB",6.34,NA
"425",1986,12,"HB",17.78,NA
"426",1987,1,"HB",7.08,NA
"427",1987,1,"LTB",3.45,NA
"428",1987,1,"OTB",8.22666666666667,NA
"429",1987,2,"HB",9.63,NA
"430",1987,2,"LTB",1.75,NA
"431",1987,2,"OTB",6.82,NA
"432",1987,3,"HB",21.19,NA
"433",1987,3,"LTB",1.5875,NA
"434",1987,3,"OTB",6.09333333333333,NA
"435",1987,4,"HB",8.84,NA
"436",1987,4,"LTB",3.3,NA
"437",1987,4,"OTB",3.40666666666667,NA
"438",1987,5,"HB",11.24,NA
"439",1987,5,"LTB",4.3,NA
"440",1987,5,"OTB",13.4266666666667,NA
"441",1987,6,"HB",17.2,NA
"442",1987,6,"LTB",4.825,NA
"443",1987,6,"OTB",7.41333333333333,NA
"444",1987,7,"HB",29.58,NA
"445",1987,7,"LTB",3.125,NA
"446",1987,7,"OTB",17.4466666666667,NA
"447",1987,8,"HB",16.17,NA
"448",1987,8,"LTB",4.275,NA
"449",1987,8,"OTB",12.9533333333333,NA
"450",1987,9,"HB",23.05,NA
"451",1987,9,"LTB",3.275,NA
"452",1987,9,"OTB",13.94,NA
"453",1987,10,"HB",10.92,NA
"454",1987,10,"LTB",7.5375,NA
"455",1987,10,"OTB",9.19333333333333,NA
"456",1987,11,"HB",5.99,NA
"457",1987,11,"LTB",3.9625,NA
"458",1987,12,"HB",9.91,NA
"459",1987,12,"LTB",1.34285714285714,NA
"460",1987,12,"OTB",3.42666666666667,NA
"461",1988,1,"HB",4.05,NA
"462",1988,1,"LTB",1.4,NA
"463",1988,1,"OTB",5.78,NA
"464",1988,2,"HB",3.49,NA
"465",1988,2,"LTB",2.575,NA
"466",1988,2,"OTB",3.56,NA
"467",1988,3,"HB",14.49,NA
"468",1988,3,"LTB",1.075,NA
"469",1988,3,"OTB",1.46666666666667,NA
"470",1988,4,"HB",17.4,NA
"471",1988,4,"LTB",1.7875,NA
"472",1988,4,"OTB",8.88,NA
"473",1988,5,"HB",15.53,NA
"474",1988,5,"LTB",1.25,NA
"475",1988,5,"OTB",5.48,NA
"476",1988,6,"HB",17,NA
"477",1988,6,"LTB",3.6375,NA
"478",1988,6,"OTB",9.23333333333333,NA
"479",1988,7,"HB",5.01,NA
"480",1988,7,"LTB",5.7125,NA
"481",1988,7,"OTB",11.7466666666667,NA
"482",1988,8,"HB",17.38,NA
"483",1988,8,"LTB",5.0375,NA
"484",1988,8,"OTB",13.7066666666667,NA
"485",1988,9,"HB",20.22,NA
"486",1988,9,"LTB",9.8375,NA
"487",1988,9,"OTB",6.45333333333333,NA
"488",1988,10,"HB",19.56,NA
"489",1988,10,"LTB",5.2125,NA
"490",1988,10,"OTB",17.4533333333333,NA
"491",1988,11,"HB",13.62,NA
"492",1988,11,"LTB",1.9125,NA
"493",1988,11,"OTB",7.05333333333333,NA
"494",1988,12,"HB",8.73,NA
"495",1988,12,"LTB",1.9625,NA
"496",1988,12,"OTB",7.1,NA
"497",1989,1,"HB",13.54,NA
"498",1989,1,"LTB",3.1375,NA
"499",1989,1,"OTB",5.65,NA
"500",1989,2,"HB",9.42,NA
"501",1989,2,"LTB",1.1125,NA
"502",1989,2,"OTB",6.21333333333333,NA
"503",1989,3,"HB",9.24,NA
"504",1989,3,"LTB",1.175,NA
"505",1989,3,"OTB",3.42,NA
"506",1989,4,"HB",10.08,NA
"507",1989,4,"LTB",2.625,NA
"508",1989,4,"OTB",6.19333333333333,NA
"509",1989,5,"HB",11.6,NA
"510",1989,5,"LTB",5.55,NA
"511",1989,5,"OTB",8.46,NA
"512",1989,6,"HB",6.81,NA
"513",1989,6,"LTB",4.575,NA
"514",1989,6,"OTB",8.19333333333333,NA
"515",1989,7,"HB",12.02,NA
"516",1989,7,"LTB",4.3125,NA
"517",1989,7,"OTB",8.64,NA
"518",1989,8,"HB",21.46,NA
"519",1989,8,"LTB",6.5625,NA
"520",1989,8,"OTB",13.3066666666667,NA
"521",1989,9,"HB",22.43,NA
"522",1989,9,"LTB",10.325,NA
"523",1989,9,"OTB",17.1333333333333,NA
"524",1989,10,"HB",17.78,NA
"525",1989,10,"LTB",9.7,NA
"526",1989,10,"OTB",15.7,NA
"527",1989,11,"HB",27.67,NA
"528",1989,11,"LTB",6.85,NA
"529",1989,11,"OTB",11.2733333333333,NA
"530",1989,12,"HB",8.11,NA
"531",1989,12,"LTB",5.2625,NA
"532",1989,12,"OTB",7.98,NA
"533",1990,1,"HB",8.2003,NA
"534",1990,1,"LTB",1.818375,NA
"535",1990,1,"OTB",2.54486666666667,NA
"536",1990,2,"HB",10.159,NA
"537",1990,2,"LTB",3.31125,NA
"538",1990,2,"OTB",7.42446666666667,NA
"539",1990,3,"HB",10.3248,NA
"540",1990,3,"LTB",5.921375,NA
"541",1990,3,"OTB",8.50326666666667,NA
"542",1990,4,"HB",7.772,NA
"543",1990,4,"LTB",2.344375,NA
"544",1990,4,"OTB",5.92626666666667,NA
"545",1990,5,"HB",7.6591,NA
"546",1990,5,"LTB",6.141,NA
"547",1990,5,"OTB",6.80033333333333,NA
"548",1990,6,"HB",15.4698,NA
"549",1990,6,"LTB",1.334,NA
"550",1990,6,"OTB",8.32113333333333,NA
"551",1990,7,"HB",28.1055,NA
"552",1990,7,"LTB",3.18825,NA
"553",1990,7,"OTB",15.2741333333333,NA
"554",1990,8,"HB",19.933,NA
"555",1990,8,"LTB",6.072125,NA
"556",1990,8,"OTB",15.7831333333333,NA
"557",1990,9,"HB",14.9365,NA
"558",1990,9,"LTB",8.63875,NA
"559",1990,9,"OTB",16.0192,NA
"560",1990,10,"HB",14.449,NA
"561",1990,10,"LTB",4.156125,NA
"562",1990,10,"OTB",10.1707,NA
"563",1990,11,"HB",9.4211,NA
"564",1990,11,"LTB",4.5545,NA
"565",1990,12,"HB",6.9741,NA
"566",1990,12,"LTB",1.246125,NA
"567",1990,12,"OTB",5.92046666666667,NA
"568",1991,1,"HB",6.9517,NA
"569",1991,1,"LTB",2.9515,NA
"570",1991,1,"OTB",3.8108,NA
"571",1991,2,"HB",5.8855,NA
"572",1991,2,"LTB",1.596,NA
"573",1991,2,"OTB",5.75986666666667,NA
"574",1991,3,"HB",9.3475,NA
"575",1991,3,"LTB",1.32175,NA
"576",1991,3,"OTB",4.4926,NA
"577",1991,4,"HB",8.2651,NA
"578",1991,4,"LTB",1.8195,NA
"579",1991,4,"OTB",8.46407142857143,NA
"580",1991,5,"HB",13.2907,NA
"581",1991,5,"LTB",2.396625,NA
"582",1991,5,"OTB",7.2568,NA
"583",1991,6,"HB",10.8406,NA
"584",1991,6,"LTB",3.55425,NA
"585",1991,6,"OTB",11.8653333333333,NA
"586",1991,7,"HB",35.0665,NA
"587",1991,7,"LTB",4.141375,NA
"588",1991,7,"OTB",10.7186,NA
"589",1991,8,"HB",28.4473,NA
"590",1991,8,"LTB",8.85225,NA
"591",1991,8,"OTB",14.4055333333333,NA
"592",1991,9,"HB",23.8162,NA
"593",1991,9,"LTB",4.87175,NA
"594",1991,9,"OTB",10.4177333333333,NA
"595",1991,10,"HB",15.0965,NA
"596",1991,10,"LTB",4.690125,NA
"597",1991,10,"OTB",10.6546666666667,NA
"598",1991,11,"HB",9.1018,NA
"599",1991,11,"LTB",3.1115,NA
"600",1991,12,"HB",3.1005,NA
"601",1991,12,"LTB",3.304875,NA
"602",1991,12,"OTB",3.2998,NA
"603",1992,1,"HB",6.836,NA
"604",1992,1,"LTB",2.523,NA
"605",1992,1,"OTB",3.65473333333333,NA
"606",1992,2,"HB",5.2553,NA
"607",1992,2,"LTB",2.17675,NA
"608",1992,2,"OTB",3.55846666666667,NA
"609",1992,3,"HB",11.053,NA
"610",1992,3,"LTB",2.353875,NA
"611",1992,3,"OTB",3.79586666666667,NA
"612",1992,4,"HB",8.1324,NA
"613",1992,4,"LTB",3.07425,NA
"614",1992,4,"OTB",5.35926666666667,NA
"615",1992,5,"HB",6.9404,NA
"616",1992,5,"LTB",2.637125,NA
"617",1992,5,"OTB",7.21433333333333,NA
"618",1992,6,"HB",8.4537,NA
"619",1992,6,"LTB",3.538125,NA
"620",1992,6,"OTB",9.08993333333333,NA
"621",1992,7,"HB",19.5815,NA
"622",1992,7,"LTB",4.641375,NA
"623",1992,7,"OTB",10.45,NA
"624",1992,8,"HB",20.1777,NA
"625",1992,8,"LTB",4.102,NA
"626",1992,8,"OTB",8.5088,NA
"627",1992,9,"HB",19.007,NA
"628",1992,9,"LTB",10.881125,NA
"629",1992,9,"OTB",8.09986666666667,NA
"630",1992,10,"HB",11.2724,NA
"631",1992,10,"LTB",5.740875,NA
"632",1992,10,"OTB",22.7261111111111,NA
"633",1992,11,"HB",11.3633,NA
"634",1992,11,"LTB",3.02925,NA
"635",1992,11,"OTB",7.0526,NA
"636",1992,12,"HB",4.9665,NA
"637",1992,12,"LTB",3.5,NA
"638",1992,12,"OTB",4.99346666666667,NA
"639",1993,1,"HB",10.9098,NA
"640",1993,1,"OTB",4.8804,NA
"641",1993,2,"HB",8.8622,NA
"642",1993,2,"LTB",2.443875,NA
"643",1993,2,"OTB",4.6516,NA
"644",1993,3,"HB",5.0771,NA
"645",1993,3,"LTB",2.999,NA
"646",1993,3,"OTB",3.7184,NA
"647",1993,4,"HB",10.2655,NA
"648",1993,4,"LTB",3.470875,NA
"649",1993,4,"OTB",8.69613333333333,NA
"650",1993,5,"HB",5.8074,NA
"651",1993,5,"LTB",5.274,NA
"652",1993,5,"OTB",4.07373333333333,NA
"653",1993,6,"HB",12.2397,NA
"654",1993,6,"LTB",2.871375,NA
"655",1993,6,"OTB",5.08033333333333,NA
"656",1993,7,"HB",11.7645,NA
"657",1993,7,"OTB",6.86033333333333,NA
"658",1993,8,"HB",9.5916,NA
"659",1993,8,"LTB",3.2064375,NA
"660",1993,8,"OTB",8.63973333333333,NA
"661",1993,9,"HB",14.3307,NA
"662",1993,9,"LTB",5.654,NA
"663",1993,9,"OTB",13.2342,NA
"664",1993,10,"HB",10.1084,NA
"665",1993,10,"LTB",3.017,NA
"666",1993,10,"OTB",14.0403333333333,NA
"667",1993,11,"HB",12.4059,NA
"668",1993,11,"LTB",5.178875,NA
"669",1993,11,"OTB",12.2441333333333,NA
"670",1993,12,"HB",6.7235,NA
"671",1993,12,"LTB",1.792375,NA
"672",1993,12,"OTB",4.94553333333333,NA
"673",1994,1,"HB",1.5056,NA
"674",1994,1,"LTB",2.404375,NA
"675",1994,1,"OTB",2.26353333333333,NA
"676",1994,2,"HB",2.055,NA
"677",1994,2,"LTB",1.30625,NA
"678",1994,2,"OTB",2.466,NA
"679",1994,3,"HB",3.294,NA
"680",1994,3,"LTB",2.77571428571429,NA
"681",1994,3,"OTB",1.98466666666667,NA
"682",1994,4,"HB",10.8045,NA
"683",1994,4,"LTB",2.2965,NA
"684",1994,4,"OTB",2.26793333333333,NA
"685",1994,5,"HB",14.339,NA
"686",1994,5,"LTB",4.15,NA
"687",1994,5,"OTB",12.14,NA
"688",1994,6,"HB",14.332,NA
"689",1994,6,"LTB",4.66875,NA
"690",1994,6,"OTB",8.62333333333333,NA
"691",1994,7,"HB",16.0366,NA
"692",1994,7,"LTB",5.73175,NA
"693",1994,7,"OTB",9.54126666666667,NA
"694",1994,8,"HB",25.2111,NA
"695",1994,8,"LTB",7.64025,NA
"696",1994,8,"OTB",12.1904,NA
"697",1994,9,"HB",44.2728,NA
"698",1994,9,"LTB",8.72875,NA
"699",1994,9,"OTB",20.3297333333333,NA
"700",1994,10,"HB",52.0939,NA
"701",1994,10,"LTB",11.04425,NA
"702",1994,10,"OTB",20.3296,NA
"703",1994,11,"HB",23.2242,NA
"704",1994,11,"LTB",8.984375,NA
"705",1994,11,"OTB",13.5722666666667,NA
"706",1994,12,"HB",16.6834,NA
"707",1994,12,"LTB",5.79225,NA
"708",1994,12,"OTB",7.51026666666667,NA
"709",1995,1,"HB",13.9589,NA
"710",1995,1,"LTB",3.606,NA
"711",1995,1,"OTB",5.32246666666667,NA
"712",1995,2,"HB",5.2665,NA
"713",1995,2,"LTB",2.134875,NA
"714",1995,2,"OTB",2.88293333333333,NA
"715",1995,3,"HB",7.2843,NA
"716",1995,3,"LTB",1.9555,NA
"717",1995,3,"OTB",3.63166666666667,NA
"718",1995,4,"HB",5.9791,NA
"719",1995,4,"LTB",1.81725,NA
"720",1995,4,"OTB",4.61,NA
"721",1995,5,"HB",9.0967,NA
"722",1995,5,"LTB",3.78925,NA
"723",1995,5,"OTB",4.94653333333333,NA
"724",1995,6,"HB",13.1838,NA
"725",1995,6,"LTB",1.995875,NA
"726",1995,6,"OTB",8.75186666666667,NA
"727",1995,7,"HB",12.8259,NA
"728",1995,7,"LTB",5.101125,NA
"729",1995,7,"OTB",5.95253333333333,NA
"730",1995,8,"HB",20.8011,NA
"731",1995,8,"LTB",3.93775,NA
"732",1995,8,"OTB",9.38986666666667,NA
"733",1995,9,"HB",57.7383,NA
"734",1995,9,"LTB",8.36225,NA
"735",1995,9,"OTB",17.4642,NA
"736",1995,10,"HB",33.6094,NA
"737",1995,10,"LTB",11.83725,NA
"738",1995,10,"OTB",29.1311333333333,NA
"739",1995,11,"HB",28.7657,NA
"740",1995,11,"LTB",5.609375,NA
"741",1995,11,"OTB",26.5126,NA
"742",1995,12,"HB",15.9486,NA
"743",1995,12,"LTB",2.91,NA
"744",1995,12,"OTB",19.6530666666667,NA
"745",1996,1,"HB",11.5238,NA
"746",1996,1,"LTB",2.19525,NA
"747",1996,1,"OTB",10.0038666666667,NA
"748",1996,2,"HB",9.3997,NA
"749",1996,2,"LTB",2.712125,NA
"750",1996,2,"OTB",7.066,NA
"751",1996,3,"HB",7.7579,NA
"752",1996,3,"LTB",1.37075,NA
"753",1996,3,"OTB",6.77846666666667,NA
"754",1996,4,"HB",7.7639,NA
"755",1996,4,"LTB",2.209625,NA
"756",1996,4,"OTB",7.7452,NA
"757",1996,5,"HB",5.4359,NA
"758",1996,5,"LTB",1.54733333333333,NA
"759",1996,5,"OTB",7.26286666666667,NA
"760",1996,6,"HB",8.2378,NA
"761",1996,6,"LTB",1.657,NA
"762",1996,6,"OTB",6.42333333333333,NA
"763",1996,7,"HB",8.2717,NA
"764",1996,7,"LTB",2.59425,NA
"765",1996,7,"OTB",6.40786666666667,NA
"766",1996,8,"HB",16.5045,NA
"767",1996,8,"LTB",2.497375,NA
"768",1996,8,"OTB",7.521,NA
"769",1996,9,"HB",13.004,NA
"770",1996,9,"LTB",2.68925,NA
"771",1996,9,"OTB",8.39193333333333,NA
"772",1996,10,"HB",13.0875,NA
"773",1996,10,"LTB",2.91,NA
"774",1996,10,"OTB",9.0106,NA
"775",1996,11,"HB",5.8721,NA
"776",1996,11,"LTB",1.8625,NA
"777",1996,11,"OTB",2.81853333333333,NA
"778",1996,12,"HB",8.7297,NA
"779",1996,12,"LTB",2.167875,NA
"780",1996,12,"OTB",2.7458,NA
"781",1997,1,"HB",7.4353,NA
"782",1997,1,"LTB",1.572875,NA
"783",1997,1,"OTB",2.96726666666667,NA
"784",1997,2,"HB",7.0503,NA
"785",1997,2,"LTB",1.863875,NA
"786",1997,2,"OTB",1.8922,NA
"787",1997,3,"HB",9.6107,NA
"788",1997,3,"LTB",2.338375,NA
"789",1997,3,"OTB",3.631,NA
"790",1997,4,"HB",9.5847,NA
"791",1997,4,"LTB",1.63025,NA
"792",1997,4,"OTB",7.12473333333333,NA
"793",1997,5,"HB",8.5295,NA
"794",1997,5,"LTB",2.2875,NA
"795",1997,5,"OTB",4.28126666666667,NA
"796",1997,6,"HB",8.2267,NA
"797",1997,6,"LTB",8.590875,NA
"798",1997,6,"OTB",10.0192666666667,NA
"799",1997,7,"HB",16.0269,NA
"800",1997,7,"LTB",4.818625,NA
"801",1997,7,"OTB",5.94206666666667,NA
"802",1997,8,"HB",14.7204,NA
"803",1997,8,"LTB",6.917,NA
"804",1997,8,"OTB",9.293,NA
"805",1997,9,"HB",11.1683,NA
"806",1997,9,"LTB",6.2155,NA
"807",1997,9,"OTB",15.7474,NA
"808",1997,10,"HB",31.1449,NA
"809",1997,10,"LTB",8.391125,NA
"810",1997,10,"OTB",20.4831333333333,NA
"811",1997,11,"HB",12.6913,NA
"812",1997,11,"LTB",5.858875,NA
"813",1997,11,"OTB",12.9608,NA
"814",1997,12,"HB",7.7194,NA
"815",1997,12,"LTB",4.999125,NA
"816",1997,12,"OTB",5.9946,NA
"817",1998,1,"HB",9.7353,NA
"818",1998,1,"LTB",11.76725,NA
"819",1998,1,"OTB",8.8972,NA
"820",1998,2,"HB",19.034,NA
"821",1998,2,"LTB",5.881125,NA
"822",1998,2,"OTB",9.15326666666667,NA
"823",1998,3,"HB",46.8083,NA
"824",1998,3,"LTB",4.739125,NA
"825",1998,3,"OTB",7.5408,NA
"826",1998,4,"HB",13.2358,NA
"827",1998,4,"LTB",3.1365,NA
"828",1998,4,"OTB",4.32053333333333,NA
"829",1998,5,"HB",16.7852,NA
"830",1998,5,"LTB",4.138,NA
"831",1998,5,"OTB",9.14293333333333,NA
"832",1998,6,"HB",12.6147,NA
"833",1998,6,"LTB",5.0015,NA
"834",1998,6,"OTB",7.3328,NA
"835",1998,7,"HB",27.431,NA
"836",1998,7,"LTB",5.0845,NA
"837",1998,7,"OTB",16.166,NA
"838",1998,8,"HB",31.5698,NA
"839",1998,8,"LTB",5.2965,NA
"840",1998,8,"OTB",16.3993333333333,NA
"841",1998,9,"HB",16.1221,NA
"842",1998,9,"LTB",6.480375,NA
"843",1998,9,"OTB",14.7154,NA
"844",1998,10,"HB",35.2972,NA
"845",1998,10,"LTB",7.19675,NA
"846",1998,10,"OTB",18.0592,NA
"847",1998,11,"HB",10.2596,NA
"848",1998,11,"LTB",5.182375,NA
"849",1998,11,"OTB",11.6973333333333,NA
"850",1998,12,"HB",10.0006,NA
"851",1998,12,"LTB",6.66825,NA
"852",1998,12,"OTB",11.2956666666667,NA
"853",1999,1,"HB",2.506,NA
"854",1999,1,"LTB",3.45775,NA
"855",1999,1,"OTB",5.36753333333333,NA
"856",1999,2,"HB",6.8791,NA
"857",1999,2,"LTB",2.771625,NA
"858",1999,2,"OTB",8.76846666666667,NA
"859",1999,3,"HB",6.7934,NA
"860",1999,3,"LTB",2.10525,NA
"861",1999,3,"OTB",5.11026666666667,NA
"862",1999,4,"HB",8.9625,NA
"863",1999,4,"LTB",1.975625,NA
"864",1999,4,"OTB",4.33473333333333,NA
"865",1999,5,"HB",8.8429,NA
"866",1999,5,"LTB",2.709125,NA
"867",1999,5,"OTB",6.44713333333333,NA
"868",1999,6,"HB",11.9091,NA
"869",1999,6,"LTB",4.136625,NA
"870",1999,6,"OTB",10.5795,NA
"871",1999,7,"HB",21.9432,NA
"872",1999,7,"LTB",4.42475,NA
"873",1999,7,"OTB",8.24893333333333,NA
"874",1999,8,"HB",16.4466,NA
"875",1999,8,"LTB",8.33575,NA
"876",1999,8,"OTB",17.0871333333333,NA
"877",1999,9,"HB",14.114,NA
"878",1999,9,"LTB",8.358125,NA
"879",1999,9,"OTB",12.7362666666667,NA
"880",1999,10,"HB",13.2393,NA
"881",1999,10,"LTB",4.568125,NA
"882",1999,10,"OTB",8.9798,NA
"883",1999,11,"HB",6.6713,NA
"884",1999,11,"LTB",4.270875,NA
"885",1999,11,"OTB",6.27166666666667,NA
"886",1999,12,"HB",5.1614,NA
"887",1999,12,"LTB",3.6345,NA
"888",1999,12,"OTB",3.64066666666667,NA
"889",2000,1,"HB",11.6917,NA
"890",2000,1,"LTB",4.99625,NA
"891",2000,1,"OTB",2.80366666666667,NA
"892",2000,2,"HB",3.0635,NA
"893",2000,2,"LTB",3.881375,NA
"894",2000,2,"OTB",3.00186666666667,NA
"895",2000,3,"HB",5.9026,NA
"896",2000,3,"LTB",2.326375,NA
"897",2000,3,"OTB",3.08906666666667,NA
"898",2000,4,"HB",5.2919,NA
"899",2000,4,"LTB",3.517,NA
"900",2000,4,"OTB",9.55186666666667,NA
"901",2000,5,"HB",5.8589,NA
"902",2000,5,"LTB",2.69975,NA
"903",2000,5,"OTB",3.706,NA
"904",2000,6,"HB",9.944,NA
"905",2000,6,"LTB",6.6025,NA
"906",2000,6,"OTB",7.22093333333333,NA
"907",2000,7,"HB",9.466,NA
"908",2000,7,"LTB",4.844,NA
"909",2000,7,"OTB",6.31146666666667,NA
"910",2000,8,"HB",8.1528,NA
"911",2000,8,"LTB",3.889625,NA
"912",2000,8,"OTB",9.39913333333333,NA
"913",2000,9,"HB",19.5274,NA
"914",2000,9,"LTB",5.844,NA
"915",2000,9,"OTB",20.7502,NA
"916",2000,10,"HB",8.0063,NA
"917",2000,10,"LTB",5.3,NA
"918",2000,10,"OTB",13.1476,NA
"919",2000,11,"HB",11.7924,NA
"920",2000,11,"LTB",3.748,NA
"921",2000,11,"OTB",4.45273333333333,NA
"922",2000,12,"HB",7.2055,NA
"923",2000,12,"LTB",6.232,NA
"924",2000,12,"OTB",2.5754,NA
"925",2001,1,"HB",4.1862,NA
"926",2001,1,"LTB",3.7295,NA
"927",2001,1,"OTB",2.0846,NA
"928",2001,2,"HB",3.8891,NA
"929",2001,2,"LTB",1.76,NA
"930",2001,2,"OTB",2.6626,NA
"931",2001,3,"HB",7.2751,NA
"932",2001,3,"LTB",4.247375,NA
"933",2001,3,"OTB",8.00226666666667,NA
"934",2001,4,"HB",5.0771,NA
"935",2001,4,"LTB",2.3495,NA
"936",2001,4,"OTB",7.8234,NA
"937",2001,5,"HB",6.5367,NA
"938",2001,5,"LTB",1.85575,NA
"939",2001,5,"OTB",4.453,NA
"940",2001,6,"HB",13.7455,NA
"941",2001,6,"LTB",6.334375,NA
"942",2001,6,"OTB",6.24213333333333,NA
"943",2001,7,"HB",8.6896,NA
"944",2001,7,"LTB",6.261875,NA
"945",2001,7,"OTB",9.89826666666667,NA
"946",2001,8,"HB",15.6163,NA
"947",2001,8,"LTB",5.898125,NA
"948",2001,8,"OTB",19.6377333333333,NA
"949",2001,9,"HB",28.751,NA
"950",2001,9,"LTB",7.192125,NA
"951",2001,9,"OTB",17.9956,NA
"952",2001,10,"HB",9.4526,NA
"953",2001,10,"LTB",3.8465,NA
"954",2001,10,"OTB",7.80593333333333,NA
"955",2001,11,"HB",7.5828,NA
"956",2001,11,"LTB",3.849,NA
"957",2001,11,"OTB",8.43893333333333,NA
"958",2001,12,"HB",10.3852,NA
"959",2001,12,"LTB",9.82685714285714,NA
"960",2001,12,"OTB",8.191,NA
"961",2002,1,"HB",6.8075,NA
"962",2002,1,"LTB",3.722625,NA
"963",2002,1,"OTB",7.64966666666667,NA
"964",2002,2,"HB",6.9491,NA
"965",2002,2,"LTB",4.417875,NA
"966",2002,2,"OTB",7.2586,NA
"967",2002,3,"HB",2.55188888888889,NA
"968",2002,3,"LTB",2.923,NA
"969",2002,3,"OTB",6.13766666666667,NA
"970",2002,4,"HB",9.28,NA
"971",2002,4,"LTB",2.6125,NA
"972",2002,4,"OTB",6.32,NA
"973",2002,5,"HB",10.99,NA
"974",2002,5,"LTB",2.625,NA
"975",2002,5,"OTB",6.49333333333333,NA
"976",2002,6,"HB",9.7,NA
"977",2002,6,"LTB",2.6375,NA
"978",2002,6,"OTB",7.49333333333333,NA
"979",2002,7,"HB",17.99,NA
"980",2002,7,"LTB",5.4,NA
"981",2002,7,"OTB",9.45714285714286,NA
"982",2002,8,"HB",19.19,NA
"983",2002,8,"LTB",6.8375,NA
"984",2002,8,"OTB",6.89333333333333,NA
"985",2002,9,"HB",47.73,NA
"986",2002,9,"LTB",5.4,NA
"987",2002,9,"OTB",10.18,NA
"988",2002,10,"HB",16.06,NA
"989",2002,10,"LTB",3.3375,NA
"990",2002,10,"OTB",9.88666666666667,NA
"991",2002,11,"HB",13.75,NA
"992",2002,11,"LTB",2.6875,NA
"993",2002,11,"OTB",12.6333333333333,NA
"994",2002,12,"HB",3.31,NA
"995",2002,12,"LTB",3.2125,NA
"996",2002,12,"OTB",3.5,NA
"997",2003,1,"HB",13.6168,NA
"998",2003,1,"LTB",2.957625,NA
"999",2003,1,"OTB",4.74246666666667,NA
"1000",2003,2,"HB",6.2399,NA
"1001",2003,2,"LTB",1.12575,NA
"1002",2003,2,"OTB",3.432,NA
"1003",2003,3,"HB",8.415,NA
"1004",2003,3,"LTB",2.92475,NA
"1005",2003,3,"OTB",4.3682,NA
"1006",2003,4,"HB",10.7831,NA
"1007",2003,4,"LTB",2.324875,NA
"1008",2003,4,"OTB",5.20313333333333,NA
"1009",2003,5,"HB",9.7038,NA
"1010",2003,5,"LTB",2.3275,NA
"1011",2003,5,"OTB",6.36626666666667,NA
"1012",2003,6,"HB",10.1869,NA
"1013",2003,6,"LTB",5.73075,NA
"1014",2003,6,"OTB",8.15366666666667,NA
"1015",2003,7,"HB",22.3577,NA
"1016",2003,7,"LTB",4.684625,NA
"1017",2003,7,"OTB",12.8121333333333,NA
"1018",2003,8,"HB",12.2597,NA
"1019",2003,8,"LTB",4.519,NA
"1020",2003,8,"OTB",11.6785333333333,NA
"1021",2003,9,"HB",19.290625,NA
"1022",2003,9,"LTB",2.62025,NA
"1023",2003,9,"OTB",12.972,NA
"1024",2003,10,"HB",8.985,NA
"1025",2003,10,"LTB",6.0305,NA
"1026",2003,10,"OTB",41.2048,NA
"1027",2003,11,"HB",10.6867,NA
"1028",2003,11,"LTB",2.98425,NA
"1029",2003,11,"OTB",19.167,NA
"1030",2003,12,"HB",16.2846666666667,NA
"1031",2003,12,"LTB",2.743375,NA
"1032",2003,12,"OTB",10.5135384615385,NA
"1033",2004,1,"HB",6.4776,NA
"1034",2004,1,"LTB",3.3375,NA
"1035",2004,1,"OTB",6.92666666666667,NA
"1036",2004,2,"HB",8.2263,NA
"1037",2004,2,"LTB",2.5625,NA
"1038",2004,2,"OTB",6.89333333333333,NA
"1039",2004,3,"HB",12.7404,NA
"1040",2004,3,"LTB",5.025,NA
"1041",2004,3,"OTB",5.96666666666667,NA
"1042",2004,4,"HB",8.1859,NA
"1043",2004,4,"LTB",3.1375,NA
"1044",2004,4,"OTB",6.38486666666667,NA
"1045",2004,5,"HB",7.2022,NA
"1046",2004,5,"LTB",2.7625,NA
"1047",2004,5,"OTB",14.7747333333333,NA
"1048",2004,6,"HB",9.754,NA
"1049",2004,6,"LTB",3.55,NA
"1050",2004,6,"OTB",9.6718,NA
"1051",2004,7,"HB",10.2834,NA
"1052",2004,7,"LTB",5.45,NA
"1053",2004,7,"OTB",11.3380666666667,NA
"1054",2004,8,"HB",18.0887,NA
"1055",2004,8,"LTB",5.1,NA
"1056",2004,8,"OTB",15.4494666666667,NA
"1057",2004,9,"HB",5.3255,NA
"1058",2004,9,"LTB",16.874,NA
"1059",2004,9,"OTB",28.6666666666667,NA
"1060",2004,10,"HB",39.8759,NA
"1061",2004,10,"LTB",5.6625,NA
"1062",2004,10,"OTB",21.9353333333333,NA
"1063",2004,11,"HB",4.85,NA
"1064",2004,11,"LTB",3.0875,NA
"1065",2004,11,"OTB",7.40964285714286,NA
"1066",2004,12,"HB",12.3728,NA
"1067",2004,12,"LTB",4.2875,NA
"1068",2004,12,"OTB",6.31053333333333,NA
"1069",2005,1,"HB",7.0344,NA
"1070",2005,1,"LTB",4.3875,NA
"1071",2005,1,"OTB",3.50666666666667,NA
"1072",2005,2,"HB",6.46,NA
"1073",2005,2,"LTB",2.6875,NA
"1074",2005,2,"OTB",3.02,NA
"1075",2005,3,"HB",7.97,NA
"1076",2005,3,"LTB",3.425,NA
"1077",2005,3,"OTB",3.79333333333333,NA
"1078",2005,4,"HB",8.56,NA
"1079",2005,4,"LTB",3.625,NA
"1080",2005,4,"OTB",4.04,NA
"1081",2005,5,"HB",6.9,NA
"1082",2005,5,"LTB",2.975,NA
"1083",2005,5,"OTB",7.04,NA
"1084",2005,6,"HB",11.85,NA
"1085",2005,6,"LTB",11.3625,NA
"1086",2005,6,"OTB",7.87142857142857,NA
"1087",2005,7,"HB",31.45,NA
"1088",2005,7,"LTB",12.9875,NA
"1089",2005,7,"OTB",14.6,NA
"1090",2005,8,"HB",17.17,NA
"1091",2005,8,"LTB",4.3625,NA
"1092",2005,8,"OTB",14.2133333333333,NA
"1093",2005,9,"HB",18.17,NA
"1094",2005,9,"LTB",14.7125,NA
"1095",2005,9,"OTB",14.2866666666667,NA
"1096",2005,10,"HB",18.86,NA
"1097",2005,10,"LTB",7.325,NA
"1098",2005,10,"OTB",15.0866666666667,NA
"1099",2005,11,"HB",11.8,NA
"1100",2005,11,"LTB",4.0125,NA
"1101",2005,11,"OTB",9.34666666666667,NA
"1102",2005,12,"HB",11.14,NA
"1103",2005,12,"LTB",3,NA
"1104",2005,12,"OTB",4.32666666666667,NA
"1105",2006,1,"HB",6.89,NA
"1106",2006,1,"LTB",1.7125,NA
"1107",2006,1,"OTB",3.15333333333333,NA
"1108",2006,2,"HB",3.39,NA
"1109",2006,2,"LTB",1.175,NA
"1110",2006,2,"OTB",6.30666666666667,NA
"1111",2006,3,"HB",3.44,NA
"1112",2006,3,"LTB",2.125,NA
"1113",2006,3,"OTB",2.73333333333333,NA
"1114",2006,4,"HB",7.24,NA
"1115",2006,4,"LTB",2.5125,NA
"1116",2006,4,"OTB",3.61333333333333,NA
"1117",2006,5,"HB",10.39,NA
"1118",2006,5,"LTB",2.1625,NA
"1119",2006,5,"OTB",5.67333333333333,NA
"1120",2006,6,"HB",8.72,NA
"1121",2006,6,"LTB",4.075,NA
"1122",2006,6,"OTB",5.80666666666667,NA
"1123",2006,7,"HB",15.99,NA
"1124",2006,7,"LTB",4.75,NA
"1125",2006,7,"OTB",6.41333333333333,NA
"1126",2006,8,"HB",28.22,NA
"1127",2006,8,"LTB",6.3125,NA
"1128",2006,8,"OTB",5.44666666666667,NA
"1129",2006,9,"HB",25.26,NA
"1130",2006,9,"LTB",9.1125,NA
"1131",2006,9,"OTB",12.3066666666667,NA
"1132",2006,10,"HB",10.55,NA
"1133",2006,10,"LTB",5.325,NA
"1134",2006,10,"OTB",12.9666666666667,NA
"1135",2006,11,"HB",7.09,NA
"1136",2006,11,"LTB",2.25,NA
"1137",2006,11,"OTB",6.18666666666667,NA
"1138",2006,12,"HB",4.2,NA
"1139",2006,12,"LTB",2.525,NA
"1140",2006,12,"OTB",4.77333333333333,NA
"1141",2007,1,"HB",4.84,NA
"1142",2007,1,"LTB",2.725,NA
"1143",2007,1,"OTB",4.15333333333333,NA
"1144",2007,2,"HB",4.75,NA
"1145",2007,2,"LTB",1.4,NA
"1146",2007,2,"OTB",2.41333333333333,NA
"1147",2007,3,"HB",2.54,NA
"1148",2007,3,"LTB",1.975,NA
"1149",2007,3,"OTB",2.94,NA
"1150",2007,4,"HB",6.03,NA
"1151",2007,4,"LTB",1.55,NA
"1152",2007,4,"OTB",4.22,NA
"1153",2007,5,"HB",8.26,NA
"1154",2007,5,"LTB",1.9625,NA
"1155",2007,5,"OTB",5.77333333333333,NA
"1156",2007,6,"HB",5.98,NA
"1157",2007,6,"LTB",3.7625,NA
"1158",2007,6,"OTB",11.3733333333333,NA
"1159",2007,7,"HB",12.21,NA
"1160",2007,7,"LTB",4.3625,NA
"1161",2007,7,"OTB",13.98,NA
"1162",2007,8,"HB",11.36,NA
"1163",2007,8,"LTB",6.25,NA
"1164",2007,8,"OTB",8.71333333333333,NA
"1165",2007,9,"HB",18.73,NA
"1166",2007,9,"LTB",7.0875,NA
"1167",2007,9,"OTB",28.1666666666667,NA
"1168",2007,10,"HB",14.5,NA
"1169",2007,10,"LTB",2.875,NA
"1170",2007,10,"OTB",9.88,NA
"1171",2007,11,"HB",6.74,NA
"1172",2007,11,"LTB",2.675,NA
"1173",2007,11,"OTB",5.3,NA
"1174",2007,12,"HB",4.12,NA
"1175",2007,12,"LTB",0.9125,NA
"1176",2007,12,"OTB",6.74,NA
"1177",2008,1,"HB",2.92,NA
"1178",2008,1,"LTB",1.775,NA
"1179",2008,1,"OTB",3.51333333333333,NA
"1180",2008,2,"HB",4.23,NA
"1181",2008,2,"LTB",1.9625,NA
"1182",2008,2,"OTB",4.58666666666667,NA
"1183",2008,3,"HB",7.25,NA
"1184",2008,3,"LTB",2.0125,NA
"1185",2008,3,"OTB",3.19333333333333,NA
"1186",2008,4,"HB",11.92,NA
"1187",2008,4,"LTB",1.6,NA
"1188",2008,4,"OTB",4.42,NA
"1189",2008,5,"HB",8.99,NA
"1190",2008,5,"LTB",3.75,NA
"1191",2008,5,"OTB",6.1,NA
"1192",2008,6,"HB",10.13,NA
"1193",2008,6,"LTB",5.725,NA
"1194",2008,6,"OTB",5.47333333333333,NA
"1195",2008,7,"HB",15.2,NA
"1196",2008,7,"LTB",3.5375,NA
"1197",2008,7,"OTB",22.26,NA
"1198",2008,8,"HB",33.15,NA
"1199",2008,8,"LTB",2.9,NA
"1200",2008,8,"OTB",28.4533333333333,NA
"1201",2008,9,"HB",10.15,NA
"1202",2008,9,"LTB",2.5125,NA
"1203",2008,9,"OTB",15.4266666666667,NA
"1204",2008,10,"HB",22.82,NA
"1205",2008,10,"LTB",5.1875,NA
"1206",2008,10,"OTB",9.02,NA
"1207",2008,11,"HB",5.76,NA
"1208",2008,11,"LTB",1.7,NA
"1209",2008,11,"OTB",5.54,NA
"1210",2008,12,"HB",6.46,NA
"1211",2008,12,"LTB",1.4875,NA
"1212",2008,12,"OTB",3.26666666666667,NA
"1213",2009,1,"HB",6.32,NA
"1214",2009,1,"LTB",1.575,NA
"1215",2009,1,"OTB",3.78666666666667,NA
"1216",2009,2,"HB",2.5,NA
"1217",2009,2,"LTB",1.6625,NA
"1218",2009,2,"OTB",2.24,NA
"1219",2009,3,"HB",2.91,NA
"1220",2009,3,"LTB",1.6125,NA
"1221",2009,3,"OTB",2.28666666666667,NA
"1222",2009,4,"HB",7.79,NA
"1223",2009,4,"LTB",1.9875,NA
"1224",2009,4,"OTB",6.82666666666667,NA
"1225",2009,5,"HB",7.08,NA
"1226",2009,5,"LTB",2.575,NA
"1227",2009,5,"OTB",5.28,NA
"1228",2009,6,"HB",11.79,NA
"1229",2009,6,"LTB",5.5125,NA
"1230",2009,6,"OTB",9.86,NA
"1231",2009,7,"HB",32.38,NA
"1232",2009,7,"LTB",9.3,NA
"1233",2009,7,"OTB",30.4533333333333,NA
"1234",2009,8,"HB",29.34,NA
"1235",2009,8,"LTB",10.25,NA
"1236",2009,8,"OTB",42.72,NA
"1237",2009,9,"HB",50.6,NA
"1238",2009,9,"LTB",6.45,NA
"1239",2009,9,"OTB",14.66,NA
"1240",2009,10,"HB",11.74,NA
"1241",2009,10,"LTB",5.45,NA
"1242",2009,10,"OTB",15.08,NA
"1243",2009,11,"HB",6.77,NA
"1244",2009,11,"LTB",2.625,NA
"1245",2009,11,"OTB",6.41333333333333,NA
"1246",2009,12,"HB",6.32,NA
"1247",2009,12,"LTB",4,NA
"1248",2009,12,"OTB",5.84666666666667,NA
"1249",2010,1,"HB",2.5,NA
"1250",2010,1,"LTB",1.9375,NA
"1251",2010,1,"OTB",4.32857142857143,NA
"1252",2010,2,"HB",4.96666666666667,NA
"1253",2010,2,"LTB",1.5875,NA
"1254",2010,2,"OTB",2.76,NA
"1255",2010,3,"HB",2.15,NA
"1256",2010,3,"LTB",1.725,NA
"1257",2010,3,"OTB",2.38,NA
"1258",2010,4,"HB",4.69,NA
"1259",2010,4,"LTB",2.775,NA
"1260",2010,4,"OTB",4.25333333333333,NA
"1261",2010,5,"HB",16.07,NA
"1262",2010,5,"LTB",5,NA
"1263",2010,5,"OTB",6.83333333333333,NA
"1264",2010,6,"HB",8.06,NA
"1265",2010,6,"LTB",3.35,NA
"1266",2010,6,"OTB",11.32,NA
"1267",2010,7,"HB",11.6,NA
"1268",2010,7,"LTB",3.1625,NA
"1269",2010,7,"OTB",11.4866666666667,NA
"1270",2010,8,"HB",28.47,NA
"1271",2010,8,"LTB",10.55,NA
"1272",2010,8,"OTB",11.16,NA
"1273",2010,9,"HB",14.05,NA
"1274",2010,9,"LTB",4.2625,NA
"1275",2010,9,"OTB",13.6866666666667,NA
"1276",2010,10,"HB",9.46,NA
"1277",2010,10,"LTB",4.4625,NA
"1278",2010,10,"OTB",6.88666666666667,NA
"1279",2010,11,"HB",11.49,NA
"1280",2010,11,"LTB",4.35,NA
"1281",2010,11,"OTB",10.3333333333333,NA
"1282",2010,12,"HB",4.18,NA
"1283",2010,12,"LTB",3.1875,NA
"1284",2010,12,"OTB",3.88,NA
"1285",2011,1,"HB",5.53,NA
"1286",2011,1,"LTB",3.1,NA
"1287",2011,1,"OTB",5.30666666666667,NA
"1288",2011,2,"HB",8.49,NA
"1289",2011,2,"LTB",3.1625,NA
"1290",2011,2,"OTB",3.16666666666667,NA
"1291",2011,3,"HB",5.01,NA
"1292",2011,3,"LTB",3.1375,NA
"1293",2011,3,"OTB",4.52,NA
"1294",2011,4,"HB",8.44,NA
"1295",2011,4,"LTB",3.1125,NA
"1296",2011,4,"OTB",4.83333333333333,NA
"1297",2011,5,"HB",9.39,NA
"1298",2011,5,"LTB",3.1375,NA
"1299",2011,5,"OTB",11.5666666666667,NA
"1300",2011,6,"HB",8.44,NA
"1301",2011,6,"LTB",5.0625,NA
"1302",2011,6,"OTB",11.7066666666667,NA
"1303",2011,7,"HB",12.32,NA
"1304",2011,7,"LTB",6.3,NA
"1305",2011,7,"OTB",17.46,NA
"1306",2011,8,"HB",18.55,NA
"1307",2011,8,"LTB",4.2125,NA
"1308",2011,8,"OTB",32.3666666666667,NA
"1309",2011,9,"HB",23.22,NA
"1310",2011,9,"LTB",9.0125,NA
"1311",2011,9,"OTB",18.6866666666667,NA
"1312",2011,10,"HB",14.12,NA
"1313",2011,10,"LTB",3.9,NA
"1314",2011,10,"OTB",15.24,NA
"1315",2011,11,"HB",17.74,NA
"1316",2011,11,"LTB",3.94285714285714,NA
"1317",2011,11,"OTB",5.66,NA
"1318",2011,12,"HB",3.1,NA
"1319",2011,12,"LTB",3.1,NA
"1320",2011,12,"OTB",6.44666666666667,NA
"1321",2012,1,"HB",3.49,NA
"1322",2012,1,"LTB",3.1,NA
"1323",2012,1,"OTB",6.06666666666667,NA
"1324",2012,2,"HB",5.91,NA
"1325",2012,2,"LTB",3.1,NA
"1326",2012,2,"OTB",3.53333333333333,NA
"1327",2012,3,"HB",5.81,NA
"1328",2012,3,"LTB",3.275,NA
"1329",2012,3,"OTB",7.06666666666667,NA
"1330",2012,4,"HB",4.42,NA
"1331",2012,4,"LTB",3.1,NA
"1332",2012,4,"OTB",6.26,NA
"1333",2012,5,"HB",6.61,NA
"1334",2012,5,"LTB",3.5,NA
"1335",2012,5,"OTB",5.84666666666667,NA
"1336",2012,6,"HB",8.23,NA
"1337",2012,6,"LTB",3.5,NA
"1338",2012,6,"OTB",9.68,NA
"1339",2012,7,"HB",19.63,NA
"1340",2012,7,"LTB",5.8625,NA
"1341",2012,7,"OTB",7.17333333333333,NA
"1342",2012,8,"HB",23.3,NA
"1343",2012,8,"LTB",6.6875,NA
"1344",2012,8,"OTB",13.1733333333333,NA
"1345",2012,9,"HB",28.48,NA
"1346",2012,9,"LTB",8.8125,NA
"1347",2012,9,"OTB",12.2866666666667,NA
"1348",2012,10,"HB",23.83,NA
"1349",2012,10,"LTB",4.55,NA
"1350",2012,10,"OTB",13.96,NA
"1351",2012,11,"HB",15.23,NA
"1352",2012,11,"LTB",4.3,NA
"1353",2012,11,"OTB",4.26,NA
"1354",2012,12,"HB",6.5,NA
"1355",2012,12,"LTB",3.1,NA
"1356",2012,12,"OTB",4.66,NA
"1357",2013,1,"HB",8.66,NA
"1358",2013,1,"LTB",3.1875,NA
"1359",2013,1,"OTB",3.41333333333333,NA
"1360",2013,2,"HB",5.37,NA
"1361",2013,2,"LTB",3.1,NA
"1362",2013,2,"OTB",3.10666666666667,NA
"1363",2013,3,"HB",4.69,NA
"1364",2013,3,"LTB",3.1,NA
"1365",2013,3,"OTB",3.34666666666667,NA
"1366",2013,4,"HB",9.97,NA
"1367",2013,4,"LTB",3.4625,NA
"1368",2013,4,"OTB",4.06666666666667,NA
"1369",2013,5,"HB",13.44,NA
"1370",2013,5,"LTB",4.35,NA
"1371",2013,5,"OTB",5.46666666666667,NA
"1372",2013,6,"HB",10.64,NA
"1373",2013,6,"LTB",4.8125,NA
"1374",2013,6,"OTB",7.7,NA
"1375",2013,7,"HB",19.84,NA
"1376",2013,7,"LTB",4.7125,NA
"1377",2013,7,"OTB",9.67333333333333,NA
"1378",2013,8,"HB",32.48,NA
"1379",2013,8,"LTB",4.5125,NA
"1380",2013,8,"OTB",20.2933333333333,NA
"1381",2013,9,"HB",20.79,NA
"1382",2013,9,"LTB",3.475,NA
"1383",2013,9,"OTB",18.22,NA
"1384",2013,10,"HB",16.91,NA
"1385",2013,10,"LTB",3.175,NA
"1386",2013,10,"OTB",15.2466666666667,NA
"1387",2013,11,"HB",6.4,NA
"1388",2013,11,"LTB",3.6875,NA
"1389",2013,11,"OTB",6.71333333333333,NA
"1390",2013,12,"HB",6.04,NA
"1391",2013,12,"LTB",5.3625,NA
"1392",2013,12,"OTB",6.72666666666667,NA
"1393",2014,1,"HB",4.39,NA
"1394",2014,1,"LTB",3.15,NA
"1395",2014,1,"OTB",4.51333333333333,NA
"1396",2014,2,"HB",3.67,NA
"1397",2014,2,"LTB",3.175,NA
"1398",2014,2,"OTB",3.82666666666667,NA
"1399",2014,3,"HB",3.64,NA
"1400",2014,3,"LTB",3.825,NA
"1401",2014,3,"OTB",3.42666666666667,NA
"1402",2014,4,"HB",6.59,NA
"1403",2014,4,"LTB",3.1875,NA
"1404",2014,4,"OTB",3.71333333333333,NA
"1405",2014,5,"HB",8.83,NA
"1406",2014,5,"LTB",3.2125,NA
"1407",2014,5,"OTB",5.63333333333333,NA
"1408",2014,6,"HB",5.19,NA
"1409",2014,6,"LTB",3.225,NA
"1410",2014,6,"OTB",7.73333333333333,NA
"1411",2014,7,"HB",13.56,NA
"1412",2014,7,"LTB",3.9875,NA
"1413",2014,7,"OTB",12.8266666666667,NA
"1414",2014,8,"HB",25.76,NA
"1415",2014,8,"LTB",3.5875,NA
"1416",2014,8,"OTB",12.6266666666667,NA
"1417",2014,9,"HB",49.22,NA
"1418",2014,9,"LTB",3.3875,NA
"1419",2014,9,"OTB",17.76,NA
"1420",2014,10,"HB",18.41,NA
"1421",2014,10,"LTB",3.7,NA
"1422",2014,10,"OTB",12.0533333333333,NA
"1423",2014,11,"HB",7.71,NA
"1424",2014,11,"LTB",3.2875,NA
"1425",2014,11,"OTB",5.74666666666667,NA
"1426",2014,12,"HB",10.76,NA
"1427",2014,12,"LTB",3.3125,NA
"1428",2014,12,"OTB",4.49333333333333,NA
"1429",2015,1,"HB",5.74,NA
"1430",2015,1,"LTB",3.4375,NA
"1431",2015,1,"OTB",3.86666666666667,NA
"1432",2015,2,"HB",5.74,NA
"1433",2015,2,"LTB",2.875,NA
"1434",2015,2,"OTB",3.14666666666667,NA
"1435",2015,3,"HB",7.5,NA
"1436",2015,3,"LTB",2.8,NA
"1437",2015,3,"OTB",3.58666666666667,NA
"1438",2015,4,"HB",7.29,NA
"1439",2015,4,"LTB",2.4,NA
"1440",2015,4,"OTB",3.88,NA
"1441",2015,5,"HB",4.32,NA
"1442",2015,5,"LTB",2.9125,NA
"1443",2015,5,"OTB",7.03333333333333,NA
"1444",2015,6,"HB",8.14,NA
"1445",2015,6,"LTB",2.85,NA
"1446",2015,6,"OTB",8.59333333333333,NA
"1447",2015,7,"HB",9.26,NA
"1448",2015,7,"LTB",3.95714285714286,NA
"1449",2015,7,"OTB",9.81333333333333,NA
"1450",2015,8,"HB",12.48,NA
"1451",2015,8,"LTB",5.6125,NA
"1452",2015,8,"OTB",31.7666666666667,NA
"1453",2015,9,"HB",12.19,NA
"1454",2015,9,"LTB",6.1125,NA
"1455",2015,9,"OTB",32.5266666666667,NA
"1456",2015,10,"HB",16.25,NA
"1457",2015,10,"LTB",5.125,NA
"1458",2015,10,"OTB",10.7266666666667,NA
"1459",2015,11,"HB",11.26,NA
"1460",2015,11,"LTB",5.35,NA
"1461",2015,11,"OTB",5.92,NA
"1462",2015,12,"HB",7.33,NA
"1463",2015,12,"LTB",3.875,NA
"1464",2015,12,"OTB",7.19333333333333,NA
"1465",2016,1,"HB",10.17,NA
"1466",2016,1,"LTB",3.6625,NA
"1467",2016,1,"OTB",4.84666666666667,NA
"1468",2016,2,"HB",6.56,NA
"1469",2016,2,"LTB",2.5625,NA
"1470",2016,2,"OTB",4.52666666666667,NA
"1471",2016,3,"HB",5.17,NA
"1472",2016,3,"LTB",1.725,NA
"1473",2016,3,"OTB",2.73333333333333,NA
"1474",2016,4,"HB",6.66,NA
"1475",2016,4,"LTB",2,NA
"1476",2016,4,"OTB",4.89333333333333,NA
"1477",2016,5,"HB",6.1,NA
"1478",2016,5,"LTB",1.6125,NA
"1479",2016,5,"OTB",5.34,NA
"1480",2016,6,"HB",30.58,NA
"1481",2016,6,"LTB",4.375,NA
"1482",2016,6,"OTB",13.0933333333333,NA
"1483",2016,7,"HB",12.42,NA
"1484",2016,7,"LTB",3.3875,NA
"1485",2016,7,"OTB",14.5733333333333,NA
"1486",2016,8,"HB",14.33,NA
"1487",2016,8,"LTB",3.4125,NA
"1488",2016,8,"OTB",12.9466666666667,NA
"1489",2016,9,"HB",12.6,NA
"1490",2016,9,"LTB",4.0125,NA
"1491",2016,9,"OTB",23.6466666666667,NA
"1492",2016,10,"HB",11.56,NA
"1493",2016,10,"LTB",3.4375,NA
"1494",2016,10,"OTB",10.5666666666667,NA
"1495",2016,11,"HB",12.1,NA
"1496",2016,11,"LTB",3.95,NA
"1497",2016,11,"OTB",5.47333333333333,NA
"1498",2016,12,"HB",9.11,NA
"1499",2016,12,"LTB",1.975,NA
"1500",2016,12,"OTB",5.2,NA
"1501",2017,1,"HB",5.44,NA
"1502",2017,1,"LTB",3.3,NA
"1503",2017,1,"OTB",6.72666666666667,NA
"1504",2017,2,"HB",7.63,NA
"1505",2017,2,"LTB",2.55,NA
"1506",2017,2,"OTB",2.96,NA
"1507",2017,3,"HB",5.79,NA
"1508",2017,3,"LTB",1.3625,NA
"1509",2017,3,"OTB",3.9,NA
"1510",2017,4,"HB",4.2,NA
"1511",2017,4,"LTB",1.3,NA
"1512",2017,4,"OTB",4.4,NA
"1513",2017,5,"HB",4.34,NA
"1514",2017,5,"LTB",2.8125,NA
"1515",2017,5,"OTB",9.52,NA
"1516",2017,6,"HB",8.27,NA
"1517",2017,6,"LTB",4.95,NA
"1518",2017,6,"OTB",9.76666666666667,NA
"1519",2017,7,"HB",8.24,NA
"1520",2017,7,"LTB",2.975,NA
"1521",2017,7,"OTB",13.2733333333333,NA
"1522",2017,8,"HB",17.64,NA
"1523",2017,8,"LTB",4.1625,NA
"1524",2017,8,"OTB",16.6133333333333,NA
"1525",2017,9,"HB",13.05,NA
"1526",2017,9,"LTB",6.4625,NA
"1527",2017,9,"OTB",19.4066666666667,NA
"1528",2017,10,"HB",26.35,NA
"1529",2017,10,"LTB",4.4,NA
"1530",2017,10,"OTB",14.7066666666667,NA
"1531",2017,11,"HB",9.51,NA
"1532",2017,11,"LTB",2.775,NA
"1533",2017,11,"OTB",5.42,NA
"1534",2017,12,"HB",6.12,NA
"1535",2017,12,"LTB",2.2875,NA
"1536",2017,12,"OTB",7.73333333333333,NA
"1537",2018,1,"HB",4.82,NA
"1538",2018,1,"LTB",2.1375,NA
"1539",2018,1,"OTB",3.34,NA
"1540",2018,2,"HB",7.73,NA
"1541",2018,2,"LTB",2.1,NA
"1542",2018,2,"OTB",3.01333333333333,NA
"1543",2018,3,"HB",4.83,NA
"1544",2018,3,"LTB",2.3375,NA
"1545",2018,3,"OTB",3.66,NA
"1546",2018,4,"HB",7.96,NA
"1547",2018,4,"LTB",4.5,NA
"1548",2018,4,"OTB",5.42666666666667,NA
"1549",2018,5,"HB",6.38,NA
"1550",2018,5,"LTB",3.1125,NA
"1551",2018,5,"OTB",6.34666666666667,NA
"1552",2018,6,"HB",20.59,NA
"1553",2018,6,"LTB",3.3625,NA
"1554",2018,6,"OTB",8.58666666666667,NA
"1555",2018,7,"HB",21.18,NA
"1556",2018,7,"LTB",5.425,NA
"1557",2018,7,"OTB",13.9266666666667,NA
"1558",2018,8,"HB",17.77,NA
"1559",2018,8,"LTB",5.1875,NA
"1560",2018,8,"OTB",14.7733333333333,NA
"1561",2018,9,"HB",30.09,NA
"1562",2018,9,"LTB",10.275,NA
"1563",2018,9,"OTB",23.3733333333333,NA
"1564",2018,10,"HB",13.84,NA
"1565",2018,10,"LTB",6.6875,NA
"1566",2018,10,"OTB",14.0866666666667,NA
"1567",2018,11,"HB",21.89,NA
"1568",2018,11,"LTB",7.425,NA
"1569",2018,11,"OTB",8.52666666666667,NA
"1570",2018,12,"HB",9.52,NA
"1571",2018,12,"LTB",3.2875,NA
"1572",2018,12,"OTB",5.54,NA
"1573",2019,1,"HB",7.03,NA
"1574",2019,1,"LTB",3.15,NA
"1575",2019,1,"OTB",5.62666666666667,NA
"1576",2019,2,"HB",8.52,NA
"1577",2019,2,"LTB",2.4,NA
"1578",2019,2,"OTB",3.75333333333333,NA
"1579",2019,3,"HB",6.53,NA
"1580",2019,3,"LTB",2.4,NA
"1581",2019,3,"OTB",4.71333333333333,NA
"1582",1974,1,"MTB",11.4639520508097,47291.095
"1583",1974,2,"MTB",9.34604988849025,38554.325
"1584",1974,3,"MTB",5.35438281780277,22087.9
"1585",1974,4,"MTB",3.31873000096965,13690.425
"1586",1974,5,"MTB",5.82197919408237,24016.8285714286
"1587",1974,6,"MTB",8.59785586153399,35467.875
"1588",1974,7,"MTB",14.2942775068914,58966.7535714286
"1589",1974,8,"MTB",16.3154392514302,67304.45
"1590",1974,9,"MTB",13.947578299234,57536.55
"1591",1974,10,"MTB",8.80511853970717,36322.875
"1592",1974,11,"MTB",11.1824032774169,46129.65
"1593",1974,12,"MTB",7.45708086880636,30761.95
"1594",1975,1,"MTB",3.62178543724287,14940.5892857143
"1595",1975,2,"MTB",6.96451081159701,28730
"1596",1975,3,"MTB",11.6622042567633,48108.925
"1597",1975,4,"MTB",6.78844835228768,28003.7071428571
"1598",1975,5,"MTB",11.4512023659459,47238.5
"1599",1975,6,"MTB",12.0135690390769,49558.375
"1600",1975,7,"MTB",15.2788604188888,63028.355
"1601",1975,8,"MTB",15.9158343837875,65656
"1602",1975,9,"MTB",14.1675252108989,58443.875
"1603",1975,10,"MTB",20.4800494521478,84484.3
"1604",1975,11,"MTB",17.4530022786774,71997.125
"1605",1975,12,"MTB",1.17865800446039,4862.2
"1606",1976,1,"MTB",9.31099643653641,38409.7225
"1607",1976,2,"MTB",6.91131399689712,28510.5525
"1608",1976,3,"MTB",8.47926123062432,34978.6484285714
"1609",1976,4,"MTB",9.23518435469795,38096.9825
"1610",1976,5,"MTB",16.139894429361,66580.2925
"1611",1976,6,"MTB",9.27096868030641,38244.6
"1612",1976,7,"MTB",12.2921917898353,50707.7495714286
"1613",1976,8,"MTB",9.06438354504024,37392.395
"1614",1976,9,"MTB",11.6854189234115,48204.6901428571
"1615",1976,10,"MTB",6.81999802029801,28133.8558333333
"1616",1976,11,"MTB",5.74781707553573,23710.895
"1617",1976,12,"MTB",14.4783913507224,59726.26
"1618",1977,1,"MTB",4.82622600116358,19909.1475
"1619",1977,2,"MTB",6.03874236400659,24911.02
"1620",1977,3,"MTB",8.46260827757846,34909.9516666667
"1621",1977,4,"MTB",13.4265429554931,55387.175
"1622",1977,5,"MTB",13.6095183263842,56141.985
"1623",1977,6,"MTB",14.0928470134781,58135.8125
"1624",1977,7,"MTB",30.1804288276932,124500.305
"1625",1977,8,"MTB",14.5101140550761,59857.1225
"1626",1977,9,"MTB",15.1863184988433,62646.6010714286
"1627",1977,10,"MTB",14.1923149180646,58546.1375
"1628",1977,11,"MTB",14.2779931882091,58899.5775
"1629",1977,12,"MTB",8.09872309221371,33408.8525
"1630",1978,1,"MTB",10.1963062396975,42061.8025
"1631",1978,2,"MTB",6.72878284689227,27757.575
"1632",1978,3,"MTB",12.3096706710901,50779.853452381
"1633",1978,4,"MTB",10.6048185542519,43746.9975
"1634",1978,5,"MTB",16.497491134629,68055.4504285714
"1635",1978,6,"MTB",16.5311209153496,68194.18
"1636",1978,7,"MTB",14.9447184378939,61649.9525
"1637",1978,8,"MTB",11.8352227770775,48822.661
"1638",1978,9,"MTB",10.3198507547109,42571.4483333333
"1639",1978,10,"MTB",1.80166294967517,7432.22
"1640",1978,11,"MTB",12.2170288713275,50397.6875
"1641",1978,12,"MTB",11.3183166876757,46690.32
"1642",1979,1,"MTB",13.3637338795695,55128.075
"1643",1979,2,"MTB",6.95717203321744,28699.7260714286
"1644",1979,3,"MTB",11.0813663579948,45712.8525
"1645",1979,4,"MTB",21.7037792107049,89532.43
"1646",1979,5,"MTB",21.723067002812,89611.996
"1647",1979,6,"MTB",13.3045312954523,54883.8525
"1648",1979,7,"MTB",24.3736873363716,100546.335
"1649",1979,8,"MTB",16.852233831087,69518.835
"1650",1979,9,"MTB",20.4072638902356,84184.045
"1651",1979,10,"MTB",24.687943614855,101842.705
"1652",1979,11,"MTB",19.974387908465,82398.345
"1653",1980,1,"MTB",14.4689148404926,59687.1675
"1654",1980,2,"MTB",7.68666185881897,31709.0175
"1655",1980,3,"MTB",12.8873484921943,53162.89
"1656",1980,4,"MTB",14.7929395631034,61023.8342857143
"1657",1980,5,"MTB",12.0578081062736,49740.87
"1658",1980,6,"MTB",20.8155683360807,85868.3825
"1659",1980,7,"MTB",17.3729557701098,71666.9171428571
"1660",1980,8,"MTB",21.1501042373703,87248.41
"1661",1980,9,"MTB",12.3455735479492,50927.96
"1662",1980,10,"MTB",16.3620463077115,67496.7134285714
"1663",1980,11,"MTB",15.9510084359546,65801.1
"1664",1980,12,"MTB",10.1217601570833,41754.285
"1665",1981,1,"MTB",7.59965759235916,31350.1075
"1666",1981,2,"MTB",9.7891532531756,40382.215
"1667",1981,3,"MTB",3.54660804324639,14630.4675
"1668",1981,4,"MTB",12.2221654707651,50418.877
"1669",1981,5,"MTB",13.5800385435858,56020.375
"1670",1981,6,"MTB",22.3949705468826,92383.7325
"1671",1981,7,"MTB",27.3514465965286,112830.1875
"1672",1981,8,"MTB",19.4055263987201,80051.6775
"1673",1981,9,"MTB",20.3887586402737,84107.7071428571
"1674",1981,10,"MTB",11.8097174509288,48717.4464285714
"1675",1981,11,"MTB",6.15104843401532,25374.305
"1676",1981,12,"MTB",9.25831535440706,38192.4025
"1677",1982,1,"MTB",9.75741539804131,40251.29
"1678",1982,2,"MTB",11.0617182197227,45631.8
"1679",1982,3,"MTB",17.2499729017468,71159.5882142857
"1680",1982,4,"MTB",28.3175349073984,116815.495
"1681",1982,7,"MTB",26.6212910889169,109818.15
"1682",1982,8,"MTB",22.473900659362,92709.335
"1683",1982,9,"MTB",17.9557907149091,74071.2278571428
"1684",1982,10,"MTB",21.6600910258897,89352.2075
"1685",1982,11,"MTB",19.07627872588,78693.465
"1686",1982,12,"MTB",13.6176639314457,56175.58725
"1687",1983,1,"MTB",11.1039179918549,45805.8825
"1688",1983,2,"MTB",22.8041313148453,94071.6025
"1689",1983,3,"MTB",28.7058912295161,118417.5425
"1690",1983,4,"MTB",18.8380345195384,77710.66
"1691",1983,5,"MTB",13.3071184427422,54894.525
"1692",1983,6,"MTB",22.0689267013894,91038.7364285714
"1693",1983,7,"MTB",17.6831335450402,72946.4625
"1694",1983,8,"MTB",20.5945954135557,84956.825
"1695",1983,9,"MTB",31.0569014835644,128115.93
"1696",1983,10,"MTB",18.1421240182294,74839.89
"1697",1983,11,"MTB",13.1667288858722,54315.39
"1698",1983,12,"MTB",14.4914707165713,59780.215
"1699",1984,1,"MTB",11.4396520168719,47190.8525
"1700",1984,2,"MTB",5.9259944972365,24445.9125
"1701",1984,3,"MTB",10.4546961359449,43127.7125
"1702",1984,4,"MTB",11.4866473140696,47384.7175
"1703",1984,5,"MTB",8.51437029892923,35123.4803571429
"1704",1984,6,"MTB",8.08899810918258,33368.735
"1705",1984,7,"MTB",9.83414682924464,40567.8225
"1706",1984,8,"MTB",14.7504030280783,60848.3625714286
"1707",1984,9,"MTB",6.0546955299137,24976.83
"1708",1984,10,"MTB",9.39916561621255,38773.438
"1709",1984,11,"MTB",6.8887932706293,28417.65
"1710",1984,12,"MTB",2.7516399204887,11351.065
"1711",1985,1,"MTB",8.40861715795598,34687.2275
"1712",1985,2,"MTB",6.57563936293998,27125.8275
"1713",1985,3,"MTB",9.14364152041113,37719.35
"1714",1985,4,"MTB",13.2073196451081,54482.835
"1715",1985,5,"MTB",9.9447899495782,41024.2475
"1716",1985,6,"MTB",11.9359879520993,49238.3375
"1717",1985,7,"MTB",12.5224209908437,51657.4910714286
"1718",1985,8,"MTB",16.4053779210705,67675.465
"1719",1985,9,"MTB",25.230561548531,104081.1125
"1720",1985,10,"MTB",14.7881192773337,61003.9496428571
"1721",1985,11,"MTB",15.2273404925822,62815.825
"1722",1985,12,"MTB",12.5812918161544,51900.345
"1723",1986,1,"MTB",3.80673179482207,15703.53
"1724",1986,2,"MTB",5.43083547464365,22403.2825
"1725",1986,3,"MTB",8.25743054882187,34063.5525
"1726",1986,4,"MTB",6.57517436384037,27123.9092857143
"1727",1986,5,"MTB",6.74974970910501,27844.0675
"1728",1986,6,"MTB",8.63304506448172,35613.0375
"1729",1986,7,"MTB",11.0818742121594,45714.9475
"1730",1986,8,"MTB",12.6619460874624,52233.06
"1731",1986,9,"MTB",12.8112032951938,52848.7758333333
"1732",1986,10,"MTB",11.2595539956504,46447.9121428571
"1733",1986,11,"MTB",7.52716353146514,31051.055
"1734",1986,12,"MTB",3.78540495006303,15615.5525
"1735",1987,1,"MTB",5.63901851223375,23262.0791666667
"1736",1987,2,"MTB",5.01701796276544,20696.2025
"1737",1987,3,"MTB",7.91362115776205,32645.27
"1738",1987,4,"MTB",10.6441596771066,43909.2875
"1739",1987,5,"MTB",6.56299633957142,27073.6725
"1740",1987,6,"MTB",9.03150271501988,37256.755
"1741",1987,7,"MTB",12.9013756908756,53220.755
"1742",1987,8,"MTB",11.5922597692233,47820.39
"1743",1987,9,"MTB",12.022446530731,49594.9964285714
"1744",1987,10,"MTB",9.50142720352953,39195.2875
"1745",1987,11,"MTB",7.15166416173761,29502.045
"1746",1987,12,"MTB",4.69690863473286,19375.6875
"1747",1988,1,"MTB",4.26885484340153,17609.88
"1748",1988,2,"MTB",3.91988630854262,16170.315
"1749",1988,3,"MTB",4.59870127508969,18970.5625
"1750",1988,4,"MTB",6.64964668379715,27431.1225
"1751",1988,5,"MTB",9.26710644332396,38228.6675
"1752",1988,6,"MTB",9.08487709686803,37476.935
"1753",1988,7,"MTB",4.77206074856977,19685.705
"1754",1988,8,"MTB",7.92856891787065,32706.9325
"1755",1988,9,"MTB",19.2749551536895,79513.045
"1756",1988,10,"MTB",10.35211141278,42704.53
"1757",1988,11,"MTB",6.80207505090662,28059.92
"1758",1988,12,"MTB",4.89424149132163,20189.725
"1759",1989,1,"MTB",6.2648410986134,25843.7225
"1760",1989,2,"MTB",4.17438003005915,17220.1525
"1761",1989,3,"MTB",3.40718268205178,14055.31
"1762",1989,4,"MTB",7.07929191311936,29203.495
"1763",1989,5,"MTB",6.57245951711432,27112.71
"1764",1989,6,"MTB",6.9717922767381,28760.0375
"1765",1989,7,"MTB",7.58477831377873,31288.7275
"1766",1989,8,"MTB",11.0448196451081,45562.09
"1767",1989,9,"MTB",16.677315645302,68797.2625
"1768",1989,10,"MTB",13.5472177106565,55884.9825
"1769",1989,11,"MTB",9.26911907301464,38236.97
"1770",1989,12,"MTB",7.9338389653835,32728.6725
"1771",1990,1,"MTB",4.26098949747891,17577.433875
"1772",1990,2,"MTB",7.80285790991952,32188.34945
"1773",1990,3,"MTB",9.74847078929506,40214.3917
"1774",1990,4,"MTB",5.41047561936391,22319.294025
"1775",1990,5,"MTB",7.0352849922428,29021.95765
"1776",1990,6,"MTB",9.65955549427906,39847.598325
"1777",1990,7,"MTB",15.130010151023,62414.317875
"1778",1990,8,"MTB",14.0520781113643,57967.632625
"1779",1990,9,"MTB",9.91552336856395,40903.517
"1780",1990,10,"MTB",7.66951389369866,31638.2787142857
"1781",1990,11,"MTB",4.94170750509066,20385.5318
"1782",1990,12,"MTB",4.60298018277902,18988.21385
"1783",1991,1,"MTB",4.92403852540483,20312.643725
"1784",1991,2,"MTB",2.84389272035295,11731.62625
"1785",1991,3,"MTB",3.88261422476486,16016.5602
"1786",1991,4,"MTB",5.05887432730534,20868.868375
"1787",1991,5,"MTB",6.69426077523514,27615.16455
"1788",1991,6,"MTB",7.61997720716571,31433.929975
"1789",1991,7,"MTB",16.276618576069,67144.30695
"1790",1991,8,"MTB",13.5243682488122,55790.7239
"1791",1991,9,"MTB",13.2932848649762,54837.458725
"1792",1991,10,"MTB",11.4747595371999,47335.6780428571
"1793",1991,11,"MTB",6.32473020702027,26090.77705
"1794",1991,12,"MTB",2.65271047464365,10942.96125
"1795",1992,1,"MTB",4.31079599776981,17782.89565
"1796",1992,2,"MTB",2.89630829414331,11947.850975
"1797",1992,3,"MTB",5.60561620042665,23124.28795
"1798",1992,4,"MTB",5.38077693808785,22196.781025
"1799",1992,5,"MTB",4.73415334408029,19529.329375
"1800",1992,6,"MTB",6.61707702656841,27296.76615
"1801",1992,7,"MTB",11.4904955396102,47400.5922
"1802",1992,8,"MTB",9.61472270435373,39662.6541
"1803",1992,9,"MTB",9.26676725976922,38227.2683
"1804",1992,10,"MTB",7.13230543367594,29422.186375
"1805",1992,11,"MTB",6.39532795379618,26382.006875
"1806",1992,12,"MTB",4.23168560312227,17456.54945
"1807",1993,1,"MTB",7.54931846334723,31142.448525
"1808",1993,2,"MTB",4.59163113788422,18941.39677
"1809",1993,3,"MTB",2.97534861340056,12273.9081
"1810",1993,4,"MTB",5.49055255502763,22649.6274
"1811",1993,5,"MTB",4.15596468050034,17144.1855
"1812",1993,6,"MTB",5.95055440342286,24547.227025
"1813",1993,7,"MTB",9.17798926112673,37861.0413
"1814",1993,8,"MTB",9.31368910961893,38420.830315
"1815",1993,9,"MTB",10.2309480873655,42204.70705
"1816",1993,10,"MTB",10.0356222728595,41398.949
"1817",1993,11,"MTB",6.41428764665956,26460.2194
"1818",1993,12,"MTB",2.93194428754969,12094.856575
"1819",1994,1,"MTB",1.581973680064,6525.957825
"1820",1994,2,"MTB",1.96775804809464,8117.3955
"1821",1994,3,"MTB",3.52149901822942,14526.88775
"1822",1994,4,"MTB",5.3973210268593,22265.0287
"1823",1994,5,"MTB",9.28409380151265,38298.74375
"1824",1994,6,"MTB",6.43938360564336,26563.74525
"1825",1994,7,"MTB",12.777640781053,52710.32375
"1826",1994,8,"MTB",14.4310783295355,59531.084325
"1827",1994,9,"MTB",24.7486542470668,102093.1485
"1828",1994,10,"MTB",20.5793618309415,84893.983425
"1829",1994,11,"MTB",22.4115977952584,92452.323225
"1830",1994,12,"MTB",9.18352578056821,37883.88055
"1831",1995,1,"MTB",5.60966912513333,23141.007075
"1832",1995,2,"MTB",3.77804156768157,15585.177075
"1833",1995,3,"MTB",4.26229281004557,17582.8103
"1834",1995,4,"MTB",3.67271496533501,15150.683775
"1835",1995,5,"MTB",6.2663609218947,25849.992075
"1836",1995,6,"MTB",7.39776171458354,30517.246625
"1837",1995,7,"MTB",5.66134724377,23354.18965
"1838",1995,8,"MTB",12.8117730291865,52851.1261
"1839",1995,9,"MTB",24.1732270435373,99719.3962
"1840",1995,10,"MTB",23.9619728194997,98847.930275
"1841",1995,11,"MTB",17.4814819463299,72114.609325
"1842",1995,12,"MTB",8.29902435033453,34235.13525
"1843",1996,1,"MTB",5.93191116188306,24470.319925
"1844",1996,2,"MTB",5.02145480219141,20714.50535
"1845",1996,3,"MTB",4.32054739164162,17823.1221
"1846",1996,4,"MTB",4.80810823111607,19834.408075
"1847",1996,5,"MTB",4.46014698075245,18398.998325
"1848",1996,6,"MTB",4.68829447663144,19340.152375
"1849",1996,7,"MTB",5.22083014156889,21536.9685
"1850",1996,8,"MTB",8.53878694366334,35224.2039
"1851",1996,9,"MTB",6.75367641568894,27860.26595
"1852",1996,10,"MTB",6.56428908295355,27079.005325
"1853",1996,11,"MTB",4.26886351570833,17609.915775
"1854",1996,12,"MTB",3.57327905919713,14740.490775
"1855",1997,1,"MTB",3.96991682827499,16376.7009
"1856",1997,2,"MTB",4.21504952487152,17387.9223
"1857",1997,3,"MTB",7.2208839207796,29787.59035
"1858",1997,4,"MTB",6.30950372911212,26027.9647833333
"1859",1997,5,"MTB",4.31713292082808,17809.036725
"1860",1997,6,"MTB",7.79179039804131,32142.69375
"1861",1997,7,"MTB",10.4124085377679,42953.2677
"1862",1997,8,"MTB",10.441289325366,43072.406725
"1863",1997,9,"MTB",12.2017066627073,50334.480325
"1864",1997,10,"MTB",16.841647574663,69475.164575
"1865",1997,11,"MTB",7.57717455517308,31257.360475
"1866",1997,12,"MTB",4.17112304857946,17206.7168
"1867",1998,1,"MTB",7.53806303330748,31096.017625
"1868",1998,2,"MTB",16.7335058057791,69029.05815
"1869",1998,3,"MTB",13.5348278447106,55833.871825
"1870",1998,4,"MTB",7.07508348686124,29186.1344
"1871",1998,5,"MTB",8.64659255308833,35668.9236
"1872",1998,6,"MTB",9.24354178585281,38131.458575
"1873",1998,7,"MTB",15.4259637411519,63635.185625
"1874",1998,8,"MTB",15.1563366503442,62522.91995
"1875",1998,9,"MTB",16.7501051948996,69097.53395
"1876",1998,10,"MTB",18.5945503005915,76706.2389
"1877",1998,11,"MTB",8.6342978764666,35618.2056
"1878",1998,12,"MTB",9.518086238243,39264.00935
"1879",1999,1,"MTB",4.42908557160865,18270.8638
"1880",1999,2,"MTB",2.93986941845244,12127.549325
"1881",1999,3,"MTB",3.34592108261418,13802.59365
"1882",1999,4,"MTB",5.42425345033776,22376.1303333333
"1883",1999,5,"MTB",6.85335221928634,28271.448575
"1884",1999,6,"MTB",11.1675396950451,46068.33475
"1885",1999,7,"MTB",10.1999524507903,42076.84385
"1886",1999,8,"MTB",12.6972347583147,52378.632825
"1887",1999,9,"MTB",12.743141847668,52568.00875
"1888",1999,10,"MTB",7.84454735527974,32360.32675
"1889",1999,11,"MTB",5.05558553524678,20855.30145
"1890",1999,12,"MTB",4.00472616479201,16520.296375
"1891",2000,1,"MTB",3.97224466086493,16386.303675
"1892",2000,2,"MTB",3.14589921094735,12977.463425
"1893",2000,3,"MTB",6.12634914064773,25272.415475
"1894",2000,4,"MTB",4.7002652659265,19389.534275
"1895",2000,5,"MTB",4.13054515538641,17039.324875
"1896",2000,6,"MTB",9.38756779671289,38725.594675
"1897",2000,7,"MTB",8.9988939324154,37122.23725
"1898",2000,8,"MTB",6.56452232619025,27079.9675
"1899",2000,9,"MTB",8.18385204353728,33760.02645
"1900",2000,10,"MTB",5.92994898429167,24462.22555
"1901",2000,11,"MTB",6.72311090371376,27734.1771
"1902",2000,12,"MTB",4.93882354188888,20373.634875
"1903",2001,1,"MTB",3.45285187384854,14243.70455
"1904",2001,2,"MTB",3.27022568602734,13490.335
"1905",2001,3,"MTB",5.86114899883642,24178.41185
"1906",2001,4,"MTB",5.5560196778338,22919.692375
"1907",2001,5,"MTB",4.87223718849995,20098.95285
"1908",2001,6,"MTB",13.1394486206729,54202.85345
"1909",2001,7,"MTB",6.94006370600213,28629.1508
"1910",2001,8,"MTB",10.8794825826627,44880.04155
"1911",2001,9,"MTB",14.7885220716571,61005.61125
"1912",2001,10,"MTB",8.53052836832154,35190.135625
"1913",2001,11,"MTB",7.06867251890817,29159.687875
"1914",2001,12,"MTB",8.36661539440512,34513.961825
"1915",2002,1,"MTB",4.86926975055755,20086.711575
"1916",2002,2,"MTB",4.31458174755163,17798.512625
"1917",2002,3,"MTB",2.16366491927664,8925.550525
"1918",2002,4,"MTB",4.93515829535538,20358.515
"1919",2002,5,"MTB",7.36779247066809,30393.6175
"1920",2002,6,"MTB",5.47848892174925,22599.8625
"1921",2002,7,"MTB",7.82297161349753,32271.3225
"1922",2002,8,"MTB",7.59202826529623,31318.635
"1923",2002,9,"MTB",13.4608176573257,55528.565
"1924",2002,10,"MTB",7.89461359449239,32566.86
"1925",2002,11,"MTB",4.60784265005333,19008.2725
"1926",2002,12,"MTB",3.19544082711141,13181.8325
"1927",2003,1,"MTB",5.64451130854262,23284.73805
"1928",2003,2,"MTB",3.25960333438379,13446.515675
"1929",2003,3,"MTB",5.0437012266072,20806.2763
"1930",2003,4,"MTB",4.93570326893242,20360.763125
"1931",2003,5,"MTB",5.94776415082905,24535.716675
"1932",2003,6,"MTB",6.51253082274799,26865.49215
"1933",2003,7,"MTB",13.3004522871618,54867.025775
"1934",2003,8,"MTB",10.7917303221662,44518.045925
"1935",2003,9,"MTB",11.5931784640745,47824.1798
"1936",2003,10,"MTB",12.3477488667216,50936.933625
"1937",2003,11,"MTB",8.9686318420925,36997.400075
"1938",2003,12,"MTB",4.81762949675167,19873.6852
"1939",2004,1,"MTB",4.45502581693009,18377.8725
"1940",2004,2,"MTB",4.51432960826142,18622.5125
"1941",2004,3,"MTB",4.96527016871909,20482.7325
"1942",2004,4,"MTB",4.56267211286726,18821.935
"1943",2004,5,"MTB",4.23516462232134,17470.9011
"1944",2004,6,"MTB",7.32632551755066,30222.558025
"1945",2004,7,"MTB",7.11659232279647,29357.36665
"1946",2004,8,"MTB",9.14743856661495,37735.013575
"1947",2004,9,"MTB",8.73362884829826,36027.965725
"1948",2004,10,"MTB",15.7583714547173,65006.433925
"1949",2004,11,"MTB",4.35364895035392,17959.67265
"1950",2004,12,"MTB",4.18136090371376,17248.95
"1951",2005,1,"MTB",3.65545428100456,15079.48
"1952",2005,2,"MTB",3.72209832250558,15354.4
"1953",2005,3,"MTB",4.44386272180743,18331.8225
"1954",2005,4,"MTB",5.90303742848832,24351.21
"1955",2005,5,"MTB",4.13778402663305,17069.1866666667
"1956",2005,6,"MTB",8.46579499175798,34923.0975
"1957",2005,7,"MTB",13.8317402792592,57058.695
"1958",2005,8,"MTB",8.72169955396102,35978.755
"1959",2005,9,"MTB",7.90437190924077,32607.115
"1960",2005,10,"MTB",13.8934427421701,57313.23
"1961",2005,11,"MTB",10.9553827693203,45193.145
"1962",2005,12,"MTB",6.13094092407641,25291.3575
"1963",2006,1,"MTB",3.02318251236304,12471.2325
"1964",2006,2,"MTB",1.91986327935615,7919.82
"1965",2006,3,"MTB",3.31943966353147,13693.3525
"1966",2006,4,"MTB",4.97755017938524,20533.39
"1967",2006,5,"MTB",3.60070723843692,14853.6375
"1968",2006,6,"MTB",3.88011793367594,16006.2625
"1969",2006,7,"MTB",4.34396877727141,17919.74
"1970",2006,8,"MTB",5.43071972268011,22402.805
"1971",2006,9,"MTB",15.2624606079705,62960.7025
"1972",2006,10,"MTB",8.32662537573936,34348.995
"1973",2006,11,"MTB",4.35322711626103,17957.9325
"1974",2006,12,"MTB",3.22539089013866,13305.3825
"1975",2007,1,"MTB",5.60778144089984,23133.22
"1976",2007,2,"MTB",2.5593643944536,10557.89
"1977",2007,3,"MTB",2.92154319790556,12051.95
"1978",2007,4,"MTB",5.29481055463978,21842.1525
"1979",2007,5,"MTB",5.73086153398623,23640.95
"1980",2007,6,"MTB",3.08261357025114,12716.3975
"1981",2007,7,"MTB",8.12845316590711,33531.495
"1982",2007,8,"MTB",7.03904780374285,29037.48
"1983",2007,9,"MTB",7.59344637835741,31324.485
"1984",2007,10,"MTB",9.08539828371958,37479.085
"1985",2007,11,"MTB",5.05907228740425,20869.685
"1986",2007,12,"MTB",4.38321717734898,18081.6475
"1987",2008,1,"MTB",2.87788167846407,11871.8375
"1988",2008,2,"MTB",2.69804857946281,11129.99
"1989",2008,3,"MTB",4.76956571802579,19675.4125
"1990",2008,4,"MTB",6.22595328711335,25683.3025
"1991",2008,5,"MTB",4.65869109376515,19218.0325
"1992",2008,6,"MTB",5.79981091825851,23925.38
"1993",2008,7,"MTB",8.88478376805973,36651.51
"1994",2008,8,"MTB",9.84848492194318,40626.97
"1995",2008,9,"MTB",5.27505272471638,21760.6475
"1996",2008,10,"MTB",10.4777586541259,43222.85
"1997",2008,11,"MTB",4.60252836226122,18986.35
"1998",2008,12,"MTB",2.82303100455735,11645.5675
"1999",2009,1,"MTB",4.63504799767284,19120.5
"2000",2009,2,"MTB",2.2154944002715,9139.3575
"2001",2009,3,"MTB",2.62526786580045,10829.755
"2002",2009,4,"MTB",4.07079474934549,16792.8425
"2003",2009,5,"MTB",3.62741261029768,14963.8025
"2004",2009,6,"MTB",7.11275089692621,29341.52
"2005",2009,7,"MTB",10.5298185542519,43437.6075
"2006",2009,8,"MTB",10.8367467031901,44703.7475
"2007",2009,9,"MTB",13.9240491370115,57439.4875
"2008",2009,10,"MTB",7.72280313681761,31858.1075
"2009",2009,11,"MTB",6.91604831280908,28530.0825
"2010",2009,12,"MTB",3.46514956850577,14294.435
"2011",2010,1,"MTB",2.20969892368855,9115.45
"2012",2010,2,"MTB",2.30466401629012,9507.2
"2013",2010,3,"MTB",1.35524095801416,5590.64
"2014",2010,4,"MTB",3.58967989430815,14808.1475
"2015",2010,5,"MTB",9.64949760011636,39806.1075
"2016",2010,6,"MTB",6.55831777853195,27054.3725
"2017",2010,7,"MTB",7.26982873557646,29989.4975
"2018",2010,8,"MTB",12.993638490255,53601.3575
"2019",2010,9,"MTB",7.68598370988073,31706.22
"2020",2010,10,"MTB",7.54133617763987,31109.52
"2021",2010,11,"MTB",8.27815257442063,34149.035
"2022",2010,12,"MTB",3.27921312906041,13527.41
"2023",2011,1,"MTB",3.58531465141084,14790.14
"2024",2011,2,"MTB",5.83396077765926,24066.255
"2025",2011,3,"MTB",3.96809245612334,16369.175
"2026",2011,4,"MTB",5.79690863473286,23913.4075
"2027",2011,5,"MTB",6.33189602928343,26120.3375
"2028",2011,6,"MTB",8.65533186269757,35704.975
"2029",2011,7,"MTB",7.64985515853777,31557.1825
"2030",2011,8,"MTB",11.5497066808882,47644.85
"2031",2011,9,"MTB",18.2603382866285,75327.5475
"2032",2011,10,"MTB",9.19626502957432,37936.4325
"2033",2011,11,"MTB",12.5067111897605,51592.685
"2034",2011,12,"MTB",3.11262847861922,12840.215
"2035",2012,1,"MTB",3.32942523998836,13734.545
"2036",2012,2,"MTB",3.83978473770969,15839.88
"2037",2012,3,"MTB",4.47788349655774,18472.165
"2038",2012,4,"MTB",3.23350443614855,13338.8525
"2039",2012,5,"MTB",3.64048288567827,15017.72
"2040",2012,6,"MTB",3.90682694172404,16116.4425
"2041",2012,7,"MTB",7.51546591680404,31002.8
"2042",2012,8,"MTB",13.5605176718705,55939.8475
"2043",2012,9,"MTB",23.5055554882188,96965.1175
"2044",2012,10,"MTB",13.0732012993309,53929.57
"2045",2012,11,"MTB",8.89115739842917,36677.8025
"2046",2012,12,"MTB",5.02503817996703,20729.2875
"2047",2013,1,"MTB",4.60780507611752,19008.1175
"2048",2013,2,"MTB",3.68001187821197,15180.785
"2049",2013,3,"MTB",3.98446984388636,16436.735
"2050",2013,4,"MTB",5.46200063027247,22531.845
"2051",2013,5,"MTB",7.42594722680113,30633.5175
"2052",2013,6,"MTB",5.84886975176961,24127.7575
"2053",2013,7,"MTB",9.12815924076408,37655.4825
"2054",2013,8,"MTB",12.1701578105304,50204.335
"2055",2013,9,"MTB",10.3536931542713,42711.055
"2056",2013,10,"MTB",9.51856576650829,39265.9875
"2057",2013,11,"MTB",5.29241612527878,21832.275
"2058",2013,12,"MTB",4.55841716765248,18804.3825
"2059",2014,1,"MTB",3.94988061184912,16294.0475
"2060",2014,2,"MTB",3.80828081062736,15709.92
"2061",2014,3,"MTB",3.82545391738582,15780.7625
"2062",2014,4,"MTB",3.77353461650344,15566.585
"2063",2014,5,"MTB",4.67800409677107,19297.7025
"2064",2014,6,"MTB",4.26466898574615,17592.6125
"2065",2014,7,"MTB",6.84703590128963,28245.3925
"2066",2014,8,"MTB",10.5877078687094,43676.4125
"2067",2014,9,"MTB",12.6973249781829,52379.005
"2068",2014,10,"MTB",12.5516417385824,51778.0325
"2069",2014,11,"MTB",9.03237721807428,37260.3625
"2070",2014,12,"MTB",5.69072044991758,23475.36
"2071",2015,1,"MTB",4.18758242024629,17274.615
"2072",2015,2,"MTB",3.86718643944536,15952.9175
"2073",2015,3,"MTB",5.12404065257442,21137.6925
"2074",2015,4,"MTB",5.20094722680113,21454.9475
"2075",2015,5,"MTB",3.49722255890623,14426.7425
"2076",2015,6,"MTB",5.42132926888393,22364.0675
"2077",2015,7,"MTB",6.52393580917289,26912.54
"2078",2015,8,"MTB",8.89260702511393,36683.7825
"2079",2015,9,"MTB",30.8009448026762,127060.0575
"2080",2015,10,"MTB",11.7815918016096,48601.4225
"2081",2015,11,"MTB",5.93234509841947,24472.11
"2082",2015,12,"MTB",5.39857279647048,22270.1925
"2083",2016,1,"MTB",4.98628430136721,20569.42
"2084",2016,2,"MTB",2.83805148841268,11707.53
"2085",2016,3,"MTB",2.33193481528168,9619.6975
"2086",2016,4,"MTB",2.43667761563076,10051.7825
"2087",2016,5,"MTB",2.56148126151459,10566.6225
"2088",2016,6,"MTB",11.7161428536798,48331.4325
"2089",2016,7,"MTB",6.11535864927761,25227.0775
"2090",2016,8,"MTB",7.03189118103365,29007.9575
"2091",2016,9,"MTB",7.34068954232522,30281.8125
"2092",2016,10,"MTB",10.1741521623194,41970.4125
"2093",2016,11,"MTB",6.66668161543683,27501.395
"2094",2016,12,"MTB",3.85934621351692,15920.575
"2095",2017,1,"MTB",4.27534968001551,17636.6725
"2096",2017,2,"MTB",2.86848819451178,11833.0875
"2097",2017,3,"MTB",2.56558288083002,10583.5425
"2098",2017,4,"MTB",2.15460401919907,8888.1725
"2099",2017,5,"MTB",2.4131745127509,9954.8275
"2100",2017,6,"MTB",6.44508407673163,26587.2608333333
"2101",2017,7,"MTB",5.96472049840008,24605.665
"2102",2017,8,"MTB",8.3098522495879,34279.8025
"2103",2017,9,"MTB",11.3956917240376,47009.5075
"2104",2017,10,"MTB",14.1670119024532,58441.7575
"2105",2017,11,"MTB",5.4960456462717,22672.2875
"2106",2017,12,"MTB",3.37300433918355,13914.3175
"2107",2018,1,"MTB",2.87081353631339,11842.68
"2108",2018,2,"MTB",3.43407774168525,14166.2575
"2109",2018,3,"MTB",2.60407859012896,10742.345
"2110",2018,4,"MTB",6.67427518665762,27532.72
"2111",2018,5,"MTB",4.47409095316591,18456.52
"2112",2018,6,"MTB",7.67250557548725,31650.62
"2113",2018,7,"MTB",14.5608134151071,60066.2675
"2114",2018,8,"MTB",12.0186869727528,49579.4875
"2115",2018,9,"MTB",12.4461110976438,51342.6975
"2116",2018,10,"MTB",8.23991806457869,33991.31
"2117",2018,11,"MTB",5.75617606419083,23745.3775
"2118",2018,12,"MTB",3.81836759429846,15751.53
"2119",2019,1,"MTB",3.79336638223601,15648.395
"2120",2019,2,"MTB",3.04585838262387,12564.775
"2121",2019,3,"MTB",3.39939518083972,14023.185
