"","yr","mo","bay_segment","mean_sdm","sum_sdm"
"1",1972,1,"HB",1.22,NA
"2",1972,1,"LTB",3.25,NA
"3",1972,1,"OTB",1.3,NA
"4",1972,2,"LTB",1.88571428571429,NA
"5",1972,3,"HB",1.03333333333333,NA
"6",1972,3,"LTB",2.7625,NA
"7",1972,3,"OTB",1.84615384615385,NA
"8",1972,4,"HB",0.922222222222222,NA
"9",1972,4,"LTB",2.6,NA
"10",1972,4,"OTB",1.4625,NA
"11",1972,5,"HB",1.11428571428571,NA
"12",1972,5,"LTB",3.125,NA
"13",1972,5,"OTB",1.81,NA
"14",1972,6,"HB",1.4875,NA
"15",1972,6,"LTB",3.6625,NA
"16",1972,7,"HB",1.1,NA
"17",1972,7,"LTB",3,NA
"18",1972,7,"OTB",1.6875,NA
"19",1972,8,"HB",1.1125,NA
"20",1972,8,"LTB",2.475,NA
"21",1972,8,"OTB",1.33571428571429,NA
"22",1972,9,"HB",1.05,NA
"23",1972,9,"LTB",2.85714285714286,NA
"24",1972,9,"OTB",1.29285714285714,NA
"25",1972,10,"HB",1.16666666666667,NA
"26",1972,10,"LTB",4.425,NA
"27",1972,10,"OTB",1.3,NA
"28",1972,11,"HB",1.1,NA
"29",1972,11,"LTB",3.08571428571429,NA
"30",1972,11,"OTB",1.53333333333333,NA
"31",1972,12,"HB",1.16666666666667,NA
"32",1972,12,"LTB",2.9375,NA
"33",1972,12,"OTB",1.94166666666667,NA
"34",1974,1,"HB",0.788888888888889,NA
"35",1974,1,"LTB",4.35714285714286,NA
"36",1974,1,"OTB",2.14,NA
"37",1974,2,"HB",0.611111111111111,NA
"38",1974,2,"LTB",2.35714285714286,NA
"39",1974,2,"OTB",1.88571428571429,NA
"40",1974,3,"HB",1.48333333333333,NA
"41",1974,3,"LTB",2.25,NA
"42",1974,4,"HB",1.13333333333333,NA
"43",1974,4,"LTB",2.65714285714286,NA
"44",1974,4,"OTB",2.11,NA
"45",1974,5,"HB",1.5,NA
"46",1974,5,"LTB",2.5375,NA
"47",1974,5,"OTB",1.872,NA
"48",1974,6,"HB",1.0875,NA
"49",1974,6,"LTB",2.77142857142857,NA
"50",1974,6,"OTB",2.15454545454545,NA
"51",1974,7,"HB",0.726315789473684,NA
"52",1974,7,"LTB",3.13333333333333,NA
"53",1974,7,"OTB",1.45714285714286,NA
"54",1974,8,"HB",0.99,NA
"55",1974,8,"LTB",2.67142857142857,NA
"56",1974,8,"OTB",1.43076923076923,NA
"57",1974,9,"HB",1.03333333333333,NA
"58",1974,9,"LTB",3.91666666666667,NA
"59",1974,9,"OTB",1.325,NA
"60",1974,10,"HB",1.13333333333333,NA
"61",1974,10,"OTB",1.44,NA
"62",1974,11,"LTB",3.05714285714286,NA
"63",1974,11,"OTB",1.66153846153846,NA
"64",1974,12,"HB",1.05,NA
"65",1974,12,"LTB",4.04,NA
"66",1975,1,"HB",1.0125,NA
"67",1975,1,"LTB",2.72857142857143,NA
"68",1975,1,"OTB",1.6,NA
"69",1975,2,"HB",0.6,NA
"70",1975,2,"LTB",3.675,NA
"71",1975,2,"OTB",1.52142857142857,NA
"72",1975,3,"HB",0.833333333333333,NA
"73",1975,3,"LTB",3.15,NA
"74",1975,3,"OTB",1.24615384615385,NA
"75",1975,4,"HB",1.13684210526316,NA
"76",1975,4,"LTB",4.4,NA
"77",1975,4,"OTB",1.09285714285714,NA
"78",1975,5,"HB",1.1,NA
"79",1975,5,"LTB",5.06,NA
"80",1975,5,"OTB",2.45454545454545,NA
"81",1975,6,"HB",1.02857142857143,NA
"82",1975,6,"LTB",4.92857142857143,NA
"83",1975,6,"OTB",1.59230769230769,NA
"84",1975,7,"HB",0.84,NA
"85",1975,7,"LTB",3.125,NA
"86",1975,7,"OTB",1.65,NA
"87",1975,8,"HB",0.6,NA
"88",1975,8,"LTB",3.1,NA
"89",1975,8,"OTB",1.54285714285714,NA
"90",1975,9,"HB",0.6,NA
"91",1975,9,"LTB",3.2,NA
"92",1975,9,"OTB",1.12,NA
"93",1975,10,"HB",0.72,NA
"94",1975,10,"LTB",1.9125,NA
"95",1975,10,"OTB",1.24,NA
"96",1975,11,"HB",0.81,NA
"97",1975,11,"LTB",2.0625,NA
"98",1975,11,"OTB",1.33846153846154,NA
"99",1975,12,"OTB",1.88181818181818,NA
"100",1976,1,"HB",1.18888888888889,NA
"101",1976,1,"LTB",3.5,NA
"102",1976,1,"OTB",1.8,NA
"103",1976,2,"HB",0.942857142857143,NA
"104",1976,2,"LTB",3.24,NA
"105",1976,2,"OTB",1.7,NA
"106",1976,3,"HB",1.22142857142857,NA
"107",1976,3,"LTB",2.3,NA
"108",1976,3,"OTB",0.82,NA
"109",1976,4,"HB",0.775,NA
"110",1976,4,"LTB",2.0625,NA
"111",1976,4,"OTB",0.9,NA
"112",1976,5,"HB",0.644444444444444,NA
"113",1976,5,"LTB",1.875,NA
"114",1976,5,"OTB",1.26923076923077,NA
"115",1976,6,"LTB",1.5,NA
"116",1976,6,"OTB",1.26428571428571,NA
"117",1976,7,"HB",0.711111111111111,NA
"118",1976,7,"LTB",3.58571428571429,NA
"119",1976,7,"OTB",1.47692307692308,NA
"120",1976,8,"LTB",3.15,NA
"121",1976,8,"OTB",0.921428571428571,NA
"122",1976,9,"HB",0.772222222222222,NA
"123",1976,9,"LTB",2.15,NA
"124",1976,9,"OTB",1.02142857142857,NA
"125",1976,10,"HB",0.733333333333333,NA
"126",1976,10,"LTB",3.12857142857143,NA
"127",1976,10,"OTB",0.84,NA
"128",1976,11,"LTB",2.15,NA
"129",1976,11,"OTB",1.74166666666667,NA
"130",1976,12,"HB",0.828571428571429,NA
"131",1976,12,"LTB",2.1875,NA
"132",1976,12,"OTB",1.45,NA
"133",1977,1,"HB",0.9,NA
"134",1977,1,"LTB",2.56666666666667,NA
"135",1977,2,"HB",0.45,NA
"136",1977,2,"LTB",2.23333333333333,NA
"137",1977,2,"OTB",2.4,NA
"138",1977,3,"HB",0.68,NA
"139",1977,3,"LTB",1.5625,NA
"140",1977,3,"OTB",1.46,NA
"141",1977,4,"HB",0.525,NA
"142",1977,4,"LTB",1.4125,NA
"143",1977,4,"OTB",0.906666666666667,NA
"144",1977,5,"HB",0.4,NA
"145",1977,5,"LTB",1.325,NA
"146",1977,5,"OTB",0.635714285714286,NA
"147",1977,6,"HB",0.655555555555556,NA
"148",1977,6,"LTB",3.65714285714286,NA
"149",1977,6,"OTB",1.65,NA
"150",1977,7,"HB",0.55,NA
"151",1977,7,"LTB",3.22857142857143,NA
"152",1977,7,"OTB",1.51666666666667,NA
"153",1977,8,"HB",0.63,NA
"154",1977,8,"LTB",4.07142857142857,NA
"155",1977,8,"OTB",0.757142857142857,NA
"156",1977,9,"HB",0.77,NA
"157",1977,9,"LTB",1.6,NA
"158",1977,9,"OTB",0.820689655172414,NA
"159",1977,10,"HB",0.59,NA
"160",1977,10,"LTB",1.375,NA
"161",1977,10,"OTB",1.06923076923077,NA
"162",1977,11,"HB",0.7625,NA
"163",1977,11,"LTB",1.3875,NA
"164",1977,11,"OTB",1.30909090909091,NA
"165",1977,12,"HB",0.814285714285714,NA
"166",1977,12,"LTB",1.78571428571429,NA
"167",1978,1,"HB",1.025,NA
"168",1978,1,"LTB",2.05,NA
"169",1978,1,"OTB",2.76666666666667,NA
"170",1978,2,"HB",0.57,NA
"171",1978,2,"LTB",2.37142857142857,NA
"172",1978,2,"OTB",2.3875,NA
"173",1978,3,"HB",0.477777777777778,NA
"174",1978,3,"LTB",1.8375,NA
"175",1978,3,"OTB",1.70909090909091,NA
"176",1978,4,"HB",0.6875,NA
"177",1978,4,"LTB",2.625,NA
"178",1978,4,"OTB",0.646666666666667,NA
"179",1978,5,"HB",0.51,NA
"180",1978,5,"LTB",1.85,NA
"181",1978,5,"OTB",0.88,NA
"182",1978,6,"HB",0.7,NA
"183",1978,6,"LTB",2.1,NA
"184",1978,6,"OTB",0.966666666666667,NA
"185",1978,7,"HB",0.588888888888889,NA
"186",1978,7,"LTB",1.725,NA
"187",1978,7,"OTB",0.94,NA
"188",1978,8,"HB",0.59,NA
"189",1978,8,"LTB",1.6875,NA
"190",1978,8,"OTB",0.906666666666667,NA
"191",1978,9,"HB",0.55,NA
"192",1978,9,"LTB",1.65,NA
"193",1978,9,"OTB",0.706666666666667,NA
"194",1978,10,"OTB",1.13333333333333,NA
"195",1978,11,"HB",0.766666666666667,NA
"196",1978,11,"LTB",1.1375,NA
"197",1978,11,"OTB",0.986666666666667,NA
"198",1978,12,"HB",0.766666666666667,NA
"199",1978,12,"LTB",0.9625,NA
"200",1979,1,"HB",0.66,NA
"201",1979,1,"LTB",2.28333333333333,NA
"202",1979,1,"OTB",1.13571428571429,NA
"203",1979,2,"HB",0.985714285714286,NA
"204",1979,2,"LTB",1.91428571428571,NA
"205",1979,2,"OTB",1.17931034482759,NA
"206",1979,3,"HB",0.82,NA
"207",1979,3,"LTB",2.35,NA
"208",1979,3,"OTB",0.986666666666667,NA
"209",1979,4,"HB",0.52,NA
"210",1979,4,"LTB",1.5125,NA
"211",1979,4,"OTB",0.68,NA
"212",1979,5,"HB",0.657894736842105,NA
"213",1979,5,"LTB",1.3625,NA
"214",1979,5,"OTB",0.813333333333333,NA
"215",1979,6,"HB",0.7,NA
"216",1979,6,"LTB",2.2,NA
"217",1979,6,"OTB",1.28666666666667,NA
"218",1979,7,"HB",0.44,NA
"219",1979,7,"LTB",2.1375,NA
"220",1979,7,"OTB",0.586666666666667,NA
"221",1979,8,"HB",0.49,NA
"222",1979,8,"LTB",1.74375,NA
"223",1979,8,"OTB",0.886666666666667,NA
"224",1979,9,"HB",0.54,NA
"225",1979,9,"LTB",0.85,NA
"226",1979,9,"OTB",0.513333333333333,NA
"227",1979,10,"HB",0.877777777777778,NA
"228",1979,10,"LTB",0.975,NA
"229",1979,10,"OTB",0.62,NA
"230",1979,11,"HB",0.52,NA
"231",1979,11,"LTB",1.875,NA
"232",1979,11,"OTB",0.626666666666667,NA
"233",1980,1,"HB",1.02857142857143,NA
"234",1980,1,"LTB",1.4375,NA
"235",1980,1,"OTB",1.05714285714286,NA
"236",1980,2,"HB",1.17142857142857,NA
"237",1980,2,"LTB",1.35,NA
"238",1980,2,"OTB",0.9,NA
"239",1980,3,"HB",1.31111111111111,NA
"240",1980,3,"LTB",1.98571428571429,NA
"241",1980,3,"OTB",1.13571428571429,NA
"242",1980,4,"HB",0.81,NA
"243",1980,4,"LTB",1.32857142857143,NA
"244",1980,4,"OTB",1.15172413793103,NA
"245",1980,5,"HB",0.922222222222222,NA
"246",1980,5,"LTB",3.475,NA
"247",1980,5,"OTB",1.09333333333333,NA
"248",1980,6,"HB",0.711111111111111,NA
"249",1980,6,"LTB",1.5375,NA
"250",1980,6,"OTB",0.921428571428571,NA
"251",1980,7,"HB",0.770588235294118,NA
"252",1980,7,"LTB",2.4625,NA
"253",1980,7,"OTB",1.28666666666667,NA
"254",1980,8,"HB",0.65,NA
"255",1980,8,"LTB",2.975,NA
"256",1980,8,"OTB",1.32,NA
"257",1980,9,"LTB",2.075,NA
"258",1980,9,"OTB",0.764285714285714,NA
"259",1980,10,"HB",0.635,NA
"260",1980,10,"LTB",1.5375,NA
"261",1980,10,"OTB",0.907692307692308,NA
"262",1980,11,"LTB",1.4625,NA
"263",1980,11,"OTB",1.30769230769231,NA
"264",1980,12,"HB",0.833333333333333,NA
"265",1980,12,"LTB",1.67142857142857,NA
"266",1981,1,"HB",0.833333333333333,NA
"267",1981,1,"LTB",3.34285714285714,NA
"268",1981,1,"OTB",2.14,NA
"269",1981,2,"HB",0.733333333333333,NA
"270",1981,2,"LTB",2.1375,NA
"271",1981,2,"OTB",2.53333333333333,NA
"272",1981,3,"HB",1.78571428571429,NA
"273",1981,3,"OTB",1.57692307692308,NA
"274",1981,4,"HB",0.877777777777778,NA
"275",1981,4,"LTB",2.42,NA
"276",1981,4,"OTB",1.37857142857143,NA
"277",1981,5,"HB",0.577777777777778,NA
"278",1981,5,"LTB",1.3,NA
"279",1981,5,"OTB",0.913333333333333,NA
"280",1981,6,"HB",0.6125,NA
"281",1981,6,"LTB",3.0875,NA
"282",1981,6,"OTB",0.933333333333333,NA
"283",1981,7,"HB",0.675,NA
"284",1981,7,"LTB",2.175,NA
"285",1981,7,"OTB",1.08666666666667,NA
"286",1981,8,"HB",0.7,NA
"287",1981,8,"LTB",2.6125,NA
"288",1981,8,"OTB",0.846666666666667,NA
"289",1981,9,"HB",0.58,NA
"290",1981,9,"LTB",1.2375,NA
"291",1981,9,"OTB",1.22068965517241,NA
"292",1981,10,"HB",0.794444444444445,NA
"293",1981,10,"LTB",2.3,NA
"294",1981,10,"OTB",1.43333333333333,NA
"295",1981,11,"LTB",1.9625,NA
"296",1981,11,"OTB",1.59285714285714,NA
"297",1981,12,"HB",0.844444444444444,NA
"298",1981,12,"LTB",2.14285714285714,NA
"299",1982,1,"HB",1.14444444444444,NA
"300",1982,1,"LTB",2.48333333333333,NA
"301",1982,1,"OTB",1.8,NA
"302",1982,2,"HB",1.07142857142857,NA
"303",1982,2,"LTB",3.71428571428571,NA
"304",1982,2,"OTB",2.02222222222222,NA
"305",1982,3,"HB",1.1375,NA
"306",1982,3,"LTB",3.11428571428571,NA
"307",1982,3,"OTB",1.16896551724138,NA
"308",1982,4,"HB",0.69,NA
"309",1982,4,"LTB",2.4125,NA
"310",1982,4,"OTB",1.39285714285714,NA
"311",1982,7,"HB",0.83,NA
"312",1982,7,"LTB",2.82857142857143,NA
"313",1982,8,"HB",0.72,NA
"314",1982,8,"LTB",2.31428571428571,NA
"315",1982,8,"OTB",1.36,NA
"316",1982,9,"HB",0.711111111111111,NA
"317",1982,9,"LTB",1.4875,NA
"318",1982,9,"OTB",1.14333333333333,NA
"319",1982,10,"HB",0.59,NA
"320",1982,10,"LTB",1.5,NA
"321",1982,10,"OTB",1.15333333333333,NA
"322",1982,11,"HB",0.888888888888889,NA
"323",1982,11,"LTB",1.71428571428571,NA
"324",1982,11,"OTB",1.34285714285714,NA
"325",1982,12,"HB",1.15,NA
"326",1982,12,"LTB",2.85,NA
"327",1982,12,"OTB",1.28666666666667,NA
"328",1983,1,"HB",1.45,NA
"329",1983,1,"LTB",4.13333333333333,NA
"330",1983,1,"OTB",1.93333333333333,NA
"331",1983,2,"HB",1.26,NA
"332",1983,2,"LTB",2.64285714285714,NA
"333",1983,2,"OTB",2.05,NA
"334",1983,3,"HB",1.67142857142857,NA
"335",1983,3,"LTB",1.8125,NA
"336",1983,3,"OTB",1.37857142857143,NA
"337",1983,4,"HB",1.06666666666667,NA
"338",1983,4,"LTB",1.75,NA
"339",1983,4,"OTB",1.69230769230769,NA
"340",1983,5,"HB",0.955555555555556,NA
"341",1983,5,"LTB",2.7875,NA
"342",1983,5,"OTB",1.20133333333333,NA
"343",1983,6,"HB",1.17777777777778,NA
"344",1983,6,"LTB",2.25,NA
"345",1983,6,"OTB",1.16,NA
"346",1983,7,"HB",0.833333333333333,NA
"347",1983,7,"LTB",2.6,NA
"348",1983,7,"OTB",1.17857142857143,NA
"349",1983,8,"HB",0.86,NA
"350",1983,8,"LTB",2.69230769230769,NA
"351",1983,8,"OTB",1.07857142857143,NA
"352",1983,9,"HB",0.777777777777778,NA
"353",1983,9,"LTB",1.35,NA
"354",1983,9,"OTB",1.05,NA
"355",1983,10,"HB",0.91,NA
"356",1983,10,"LTB",1.4,NA
"357",1983,10,"OTB",1.00666666666667,NA
"358",1983,11,"HB",0.815,NA
"359",1983,11,"OTB",0.966666666666667,NA
"360",1983,12,"LTB",1.7375,NA
"361",1984,1,"LTB",2.38333333333333,NA
"362",1984,1,"OTB",1.075,NA
"363",1984,2,"HB",1.68,NA
"364",1984,2,"LTB",2.03333333333333,NA
"365",1984,3,"HB",0.955555555555556,NA
"366",1984,3,"LTB",1.525,NA
"367",1984,3,"OTB",1.4,NA
"368",1984,4,"HB",0.877777777777778,NA
"369",1984,4,"LTB",1.3875,NA
"370",1984,4,"OTB",0.978571428571429,NA
"371",1984,5,"HB",0.744444444444444,NA
"372",1984,5,"LTB",1.91428571428571,NA
"373",1984,5,"OTB",0.81,NA
"374",1984,6,"HB",1.11,NA
"375",1984,6,"LTB",2.075,NA
"376",1984,6,"OTB",1.12142857142857,NA
"377",1984,7,"HB",1.29,NA
"378",1984,7,"LTB",2.6125,NA
"379",1984,7,"OTB",1.04666666666667,NA
"380",1984,8,"HB",0.826315789473684,NA
"381",1984,8,"LTB",3.275,NA
"382",1984,8,"OTB",1.24,NA
"383",1984,9,"HB",1.1,NA
"384",1984,9,"LTB",3.3625,NA
"385",1984,9,"OTB",1.21333333333333,NA
"386",1984,10,"HB",1.06,NA
"387",1984,10,"LTB",2.82142857142857,NA
"388",1984,10,"OTB",1.90714285714286,NA
"389",1984,11,"HB",1.53333333333333,NA
"390",1984,11,"OTB",2.03333333333333,NA
"391",1984,12,"LTB",3.63333333333333,NA
"392",1985,1,"HB",1.3,NA
"393",1985,1,"LTB",3.12857142857143,NA
"394",1985,1,"OTB",2.16,NA
"395",1985,2,"HB",1.11111111111111,NA
"396",1985,2,"LTB",2.45714285714286,NA
"397",1985,2,"OTB",1.93846153846154,NA
"398",1985,3,"HB",1.2625,NA
"399",1985,3,"LTB",2.1,NA
"400",1985,3,"OTB",1.75,NA
"401",1985,4,"HB",0.73,NA
"402",1985,4,"LTB",2.6625,NA
"403",1985,4,"OTB",1.42857142857143,NA
"404",1985,5,"HB",0.84,NA
"405",1985,5,"LTB",3.07142857142857,NA
"406",1985,5,"OTB",1.17333333333333,NA
"407",1985,6,"HB",0.66,NA
"408",1985,6,"LTB",3.0875,NA
"409",1985,6,"OTB",1.21428571428571,NA
"410",1985,7,"HB",0.83,NA
"411",1985,7,"LTB",2.84285714285714,NA
"412",1985,7,"OTB",1.18333333333333,NA
"413",1985,8,"HB",0.91,NA
"414",1985,8,"LTB",3.44285714285714,NA
"415",1985,8,"OTB",1.14666666666667,NA
"416",1985,9,"HB",0.58,NA
"417",1985,9,"LTB",2.9125,NA
"418",1985,10,"HB",0.9,NA
"419",1985,10,"LTB",2.9875,NA
"420",1985,10,"OTB",1.58214285714286,NA
"421",1985,11,"HB",1,NA
"422",1985,11,"LTB",2.58571428571429,NA
"423",1985,11,"OTB",2.05,NA
"424",1985,12,"HB",0.9875,NA
"425",1985,12,"LTB",2.14285714285714,NA
"426",1986,1,"HB",2.16,NA
"427",1986,1,"LTB",3.3,NA
"428",1986,1,"OTB",1.95,NA
"429",1986,2,"HB",1.0875,NA
"430",1986,2,"LTB",4.48,NA
"431",1986,2,"OTB",2.96666666666667,NA
"432",1986,3,"HB",1.6,NA
"433",1986,3,"LTB",2.5,NA
"434",1986,3,"OTB",1.90909090909091,NA
"435",1986,4,"HB",1.11,NA
"436",1986,4,"LTB",2.95,NA
"437",1986,4,"OTB",2.108,NA
"438",1986,5,"HB",1.46,NA
"439",1986,5,"LTB",5.15714285714286,NA
"440",1986,5,"OTB",1.38,NA
"441",1986,6,"HB",1.24444444444444,NA
"442",1986,6,"LTB",3.175,NA
"443",1986,6,"OTB",1.4,NA
"444",1986,7,"HB",1.07777777777778,NA
"445",1986,7,"LTB",2.65,NA
"446",1986,7,"OTB",1.19333333333333,NA
"447",1986,8,"HB",0.76,NA
"448",1986,8,"LTB",1.875,NA
"449",1986,9,"HB",0.7,NA
"450",1986,9,"LTB",2.60833333333333,NA
"451",1986,9,"OTB",1.25714285714286,NA
"452",1986,10,"HB",1.1,NA
"453",1986,10,"LTB",1.9,NA
"454",1986,10,"OTB",1.03666666666667,NA
"455",1986,11,"LTB",3.5375,NA
"456",1986,11,"OTB",1.48571428571429,NA
"457",1986,12,"HB",0.844444444444444,NA
"458",1986,12,"LTB",4.05,NA
"459",1987,1,"HB",1.5875,NA
"460",1987,1,"LTB",3.4375,NA
"461",1987,1,"OTB",1.72666666666667,NA
"462",1987,2,"HB",1.675,NA
"463",1987,2,"LTB",3.1,NA
"464",1987,2,"OTB",2.24166666666667,NA
"465",1987,3,"HB",0.855555555555556,NA
"466",1987,3,"LTB",3.175,NA
"467",1987,3,"OTB",1.66153846153846,NA
"468",1987,4,"HB",1.16,NA
"469",1987,4,"LTB",2.2,NA
"470",1987,4,"OTB",1.65833333333333,NA
"471",1987,5,"HB",1,NA
"472",1987,5,"LTB",3.62857142857143,NA
"473",1987,5,"OTB",1.20714285714286,NA
"474",1987,6,"HB",1.17,NA
"475",1987,6,"LTB",2.3875,NA
"476",1987,6,"OTB",1.47142857142857,NA
"477",1987,7,"HB",1.13333333333333,NA
"478",1987,7,"LTB",3.64285714285714,NA
"479",1987,7,"OTB",1.33333333333333,NA
"480",1987,8,"HB",1.225,NA
"481",1987,8,"LTB",3.45,NA
"482",1987,8,"OTB",1.45,NA
"483",1987,9,"HB",1.04444444444444,NA
"484",1987,9,"LTB",3.71428571428571,NA
"485",1987,9,"OTB",1.29333333333333,NA
"486",1987,10,"HB",1.25,NA
"487",1987,10,"LTB",1.975,NA
"488",1987,10,"OTB",1.57142857142857,NA
"489",1987,11,"HB",1.53,NA
"490",1987,11,"LTB",2.92857142857143,NA
"491",1987,12,"HB",1.575,NA
"492",1987,12,"LTB",6.14,NA
"493",1987,12,"OTB",3.58571428571429,NA
"494",1988,1,"HB",2.6,NA
"495",1988,1,"LTB",2.9125,NA
"496",1988,1,"OTB",2.38571428571429,NA
"497",1988,2,"HB",2.075,NA
"498",1988,2,"LTB",2.4,NA
"499",1988,2,"OTB",2.10833333333333,NA
"500",1988,3,"HB",1.3,NA
"501",1988,3,"LTB",3.3375,NA
"502",1988,3,"OTB",2.375,NA
"503",1988,4,"HB",1.01111111111111,NA
"504",1988,4,"LTB",3.5,NA
"505",1988,4,"OTB",1.55,NA
"506",1988,5,"HB",1.2,NA
"507",1988,5,"LTB",4.15,NA
"508",1988,5,"OTB",2.28888888888889,NA
"509",1988,6,"HB",0.922222222222222,NA
"510",1988,6,"LTB",2.6,NA
"511",1988,6,"OTB",1.06666666666667,NA
"512",1988,7,"HB",0.99,NA
"513",1988,7,"LTB",2.1125,NA
"514",1988,7,"OTB",0.846666666666667,NA
"515",1988,8,"HB",1.2,NA
"516",1988,8,"LTB",3.81666666666667,NA
"517",1988,8,"OTB",1.36666666666667,NA
"518",1988,9,"HB",0.833333333333333,NA
"519",1988,9,"LTB",1.875,NA
"520",1988,9,"OTB",1.31333333333333,NA
"521",1988,10,"HB",0.955555555555556,NA
"522",1988,10,"LTB",2.41428571428571,NA
"523",1988,10,"OTB",1.07333333333333,NA
"524",1988,11,"HB",1.01111111111111,NA
"525",1988,11,"LTB",3.9,NA
"526",1988,11,"OTB",2.05,NA
"527",1988,12,"HB",1.28571428571429,NA
"528",1988,12,"LTB",3.94,NA
"529",1988,12,"OTB",2.46666666666667,NA
"530",1989,1,"HB",1.06666666666667,NA
"531",1989,1,"LTB",2.0625,NA
"532",1989,1,"OTB",1.96666666666667,NA
"533",1989,2,"HB",1.26666666666667,NA
"534",1989,2,"LTB",4.57142857142857,NA
"535",1989,2,"OTB",1.74166666666667,NA
"536",1989,3,"HB",1.36666666666667,NA
"537",1989,3,"LTB",5.08333333333333,NA
"538",1989,3,"OTB",1.94166666666667,NA
"539",1989,4,"HB",0.92,NA
"540",1989,4,"LTB",3.3875,NA
"541",1989,4,"OTB",1.16153846153846,NA
"542",1989,5,"HB",0.91,NA
"543",1989,5,"LTB",2.6125,NA
"544",1989,5,"OTB",1.5,NA
"545",1989,6,"HB",1.18888888888889,NA
"546",1989,6,"LTB",2.0375,NA
"547",1989,6,"OTB",1.34285714285714,NA
"548",1989,7,"HB",1.33,NA
"549",1989,7,"LTB",2.9375,NA
"550",1989,7,"OTB",1.49230769230769,NA
"551",1989,8,"HB",0.96,NA
"552",1989,8,"LTB",2.1625,NA
"553",1989,8,"OTB",1.22857142857143,NA
"554",1989,9,"HB",1.2,NA
"555",1989,9,"LTB",1.7625,NA
"556",1989,9,"OTB",1.29230769230769,NA
"557",1989,10,"HB",1.01,NA
"558",1989,10,"LTB",1.7625,NA
"559",1989,10,"OTB",1.3,NA
"560",1989,11,"HB",1.3,NA
"561",1989,11,"LTB",2.1,NA
"562",1989,11,"OTB",1.33846153846154,NA
"563",1989,12,"HB",1.78571428571429,NA
"564",1989,12,"LTB",1.75,NA
"565",1989,12,"OTB",2.76666666666667,NA
"566",1990,1,"HB",1.3,NA
"567",1990,1,"LTB",3.63333333333333,NA
"568",1990,1,"OTB",3.22,NA
"569",1990,2,"HB",1.2,NA
"570",1990,2,"LTB",2.3875,NA
"571",1990,2,"OTB",1.98,NA
"572",1990,3,"HB",1.24444444444444,NA
"573",1990,3,"LTB",2.0375,NA
"574",1990,3,"OTB",1.27692307692308,NA
"575",1990,4,"HB",1.2,NA
"576",1990,4,"LTB",2.9375,NA
"577",1990,4,"OTB",1.3,NA
"578",1990,5,"HB",1.11,NA
"579",1990,5,"LTB",3.4125,NA
"580",1990,5,"OTB",1.55,NA
"581",1990,6,"HB",1.07,NA
"582",1990,6,"LTB",3.1,NA
"583",1990,6,"OTB",2.11538461538462,NA
"584",1990,7,"HB",1.15,NA
"585",1990,7,"LTB",2.8625,NA
"586",1990,7,"OTB",1.56428571428571,NA
"587",1990,8,"HB",0.94,NA
"588",1990,8,"LTB",3.15,NA
"589",1990,8,"OTB",1.56923076923077,NA
"590",1990,9,"HB",0.92,NA
"591",1990,9,"LTB",1.85,NA
"592",1990,9,"OTB",1.38571428571429,NA
"593",1990,10,"HB",1.48888888888889,NA
"594",1990,10,"LTB",2.5875,NA
"595",1990,10,"OTB",1.675,NA
"596",1990,11,"HB",1.61111111111111,NA
"597",1990,11,"LTB",2.52,NA
"598",1990,12,"HB",2.04285714285714,NA
"599",1990,12,"LTB",3.96,NA
"600",1990,12,"OTB",1.98461538461538,NA
"601",1991,1,"HB",1.36666666666667,NA
"602",1991,1,"LTB",3.0875,NA
"603",1991,1,"OTB",2.37142857142857,NA
"604",1991,2,"HB",1.27777777777778,NA
"605",1991,2,"LTB",2.95714285714286,NA
"606",1991,2,"OTB",1.92,NA
"607",1991,3,"HB",1.05,NA
"608",1991,3,"LTB",3.075,NA
"609",1991,3,"OTB",2,NA
"610",1991,4,"HB",1.4,NA
"611",1991,4,"LTB",2.1,NA
"612",1991,4,"OTB",1.66428571428571,NA
"613",1991,5,"HB",0.99,NA
"614",1991,5,"LTB",2.8375,NA
"615",1991,5,"OTB",2.09090909090909,NA
"616",1991,6,"HB",1.05,NA
"617",1991,6,"LTB",3.61428571428571,NA
"618",1991,6,"OTB",1.22142857142857,NA
"619",1991,7,"HB",0.755555555555556,NA
"620",1991,7,"LTB",2.3125,NA
"621",1991,7,"OTB",1.48571428571429,NA
"622",1991,8,"HB",0.85,NA
"623",1991,8,"LTB",2.3,NA
"624",1991,8,"OTB",1.50714285714286,NA
"625",1991,9,"HB",1.27777777777778,NA
"626",1991,9,"LTB",2.475,NA
"627",1991,9,"OTB",1.80714285714286,NA
"628",1991,10,"HB",1.08571428571429,NA
"629",1991,10,"LTB",2.58571428571429,NA
"630",1991,10,"OTB",1.67586206896552,NA
"631",1991,11,"HB",1.34444444444444,NA
"632",1991,11,"LTB",3.02857142857143,NA
"633",1991,12,"HB",1.81666666666667,NA
"634",1991,12,"LTB",2.2875,NA
"635",1991,12,"OTB",2.6625,NA
"636",1992,1,"HB",1.68888888888889,NA
"637",1992,1,"LTB",3.1,NA
"638",1992,1,"OTB",3.08333333333333,NA
"639",1992,2,"HB",1.61428571428571,NA
"640",1992,2,"LTB",3.42857142857143,NA
"641",1992,2,"OTB",2.27142857142857,NA
"642",1992,3,"HB",0.622222222222222,NA
"643",1992,3,"LTB",2.075,NA
"644",1992,3,"OTB",2.2,NA
"645",1992,4,"HB",1.33333333333333,NA
"646",1992,4,"LTB",2.37142857142857,NA
"647",1992,4,"OTB",1.425,NA
"648",1992,5,"HB",1.94285714285714,NA
"649",1992,5,"LTB",3.53333333333333,NA
"650",1992,5,"OTB",1.46923076923077,NA
"651",1992,6,"HB",1.4625,NA
"652",1992,6,"LTB",3.21666666666667,NA
"653",1992,6,"OTB",1.75,NA
"654",1992,7,"HB",1.13,NA
"655",1992,7,"LTB",3.28571428571429,NA
"656",1992,7,"OTB",1.44615384615385,NA
"657",1992,8,"HB",1.06,NA
"658",1992,8,"LTB",3.96666666666667,NA
"659",1992,8,"OTB",2.07142857142857,NA
"660",1992,9,"HB",1.47777777777778,NA
"661",1992,9,"LTB",2.5,NA
"662",1992,9,"OTB",1.72307692307692,NA
"663",1992,10,"HB",1.45,NA
"664",1992,10,"LTB",1.55,NA
"665",1992,10,"OTB",1.2125,NA
"666",1992,11,"HB",1.35555555555556,NA
"667",1992,11,"LTB",2.15,NA
"668",1992,11,"OTB",1.31428571428571,NA
"669",1992,12,"HB",1.3,NA
"670",1992,12,"LTB",2.2,NA
"671",1992,12,"OTB",1.92727272727273,NA
"672",1993,1,"HB",1.3125,NA
"673",1993,1,"OTB",2.27,NA
"674",1993,2,"HB",1.35555555555556,NA
"675",1993,2,"LTB",1.9625,NA
"676",1993,2,"OTB",1.71818181818182,NA
"677",1993,3,"HB",1.41,NA
"678",1993,3,"LTB",1.875,NA
"679",1993,3,"OTB",1.77142857142857,NA
"680",1993,4,"HB",1.33333333333333,NA
"681",1993,4,"LTB",2.9,NA
"682",1993,4,"OTB",1.07692307692308,NA
"683",1993,5,"HB",1.64285714285714,NA
"684",1993,5,"LTB",2.325,NA
"685",1993,5,"OTB",1.94444444444444,NA
"686",1993,6,"HB",0.97,NA
"687",1993,6,"LTB",3.64285714285714,NA
"688",1993,6,"OTB",1.56153846153846,NA
"689",1993,7,"HB",1.25,NA
"690",1993,7,"OTB",1.93333333333333,NA
"691",1993,8,"HB",1.31111111111111,NA
"692",1993,8,"LTB",3.07857142857143,NA
"693",1993,8,"OTB",1.48571428571429,NA
"694",1993,9,"HB",1.32222222222222,NA
"695",1993,9,"LTB",2.53333333333333,NA
"696",1993,9,"OTB",1.31538461538462,NA
"697",1993,10,"HB",1.475,NA
"698",1993,10,"LTB",2.225,NA
"699",1993,10,"OTB",1.21428571428571,NA
"700",1993,11,"HB",1.46666666666667,NA
"701",1993,11,"LTB",1.925,NA
"702",1993,11,"OTB",1.44166666666667,NA
"703",1993,12,"HB",2.41666666666667,NA
"704",1993,12,"LTB",3.22,NA
"705",1993,12,"OTB",1.84285714285714,NA
"706",1994,1,"HB",3.4,NA
"707",1994,1,"LTB",2.3625,NA
"708",1994,1,"OTB",3.3,NA
"709",1994,2,"HB",2.17142857142857,NA
"710",1994,2,"LTB",3.16666666666667,NA
"711",1994,2,"OTB",2.55714285714286,NA
"712",1994,3,"HB",2.24285714285714,NA
"713",1994,3,"LTB",2.24285714285714,NA
"714",1994,3,"OTB",3.04285714285714,NA
"715",1994,4,"HB",1.36666666666667,NA
"716",1994,4,"LTB",3.4375,NA
"717",1994,4,"OTB",2.87142857142857,NA
"718",1994,5,"HB",1.06,NA
"719",1994,5,"LTB",3.77142857142857,NA
"720",1994,5,"OTB",1.06,NA
"721",1994,6,"HB",1.3,NA
"722",1994,6,"LTB",2.8875,NA
"723",1994,6,"OTB",1.88461538461538,NA
"724",1994,7,"HB",1.05,NA
"725",1994,7,"LTB",2.45,NA
"726",1994,7,"OTB",1.73333333333333,NA
"727",1994,8,"HB",1.25,NA
"728",1994,8,"LTB",2.225,NA
"729",1994,8,"OTB",1.75,NA
"730",1994,9,"HB",0.94,NA
"731",1994,9,"LTB",1.9375,NA
"732",1994,9,"OTB",1.35333333333333,NA
"733",1994,10,"HB",1.05555555555556,NA
"734",1994,10,"LTB",1.975,NA
"735",1994,10,"OTB",1.72307692307692,NA
"736",1994,11,"HB",1.18888888888889,NA
"737",1994,11,"LTB",1.875,NA
"738",1994,11,"OTB",1.23571428571429,NA
"739",1994,12,"HB",1.15,NA
"740",1994,12,"LTB",2.6875,NA
"741",1994,12,"OTB",1.3875,NA
"742",1995,1,"HB",1.6625,NA
"743",1995,1,"LTB",2.42857142857143,NA
"744",1995,1,"OTB",2.33333333333333,NA
"745",1995,2,"HB",1.53333333333333,NA
"746",1995,2,"LTB",1.7,NA
"747",1995,2,"OTB",2.47142857142857,NA
"748",1995,3,"HB",1.09,NA
"749",1995,3,"LTB",2.4,NA
"750",1995,3,"OTB",1.70909090909091,NA
"751",1995,4,"HB",1,NA
"752",1995,4,"LTB",2.15,NA
"753",1995,4,"OTB",2.28,NA
"754",1995,5,"HB",1.05,NA
"755",1995,5,"LTB",1.825,NA
"756",1995,5,"OTB",1.48461538461538,NA
"757",1995,6,"HB",0.92,NA
"758",1995,6,"LTB",2.9,NA
"759",1995,6,"OTB",1.23076923076923,NA
"760",1995,7,"HB",1.08,NA
"761",1995,7,"LTB",3.15,NA
"762",1995,7,"OTB",1.66666666666667,NA
"763",1995,8,"HB",0.98,NA
"764",1995,8,"LTB",2.275,NA
"765",1995,8,"OTB",1.53333333333333,NA
"766",1995,9,"HB",0.97,NA
"767",1995,9,"LTB",2.05,NA
"768",1995,9,"OTB",1.11333333333333,NA
"769",1995,10,"HB",0.98,NA
"770",1995,10,"LTB",1.45,NA
"771",1995,10,"OTB",1.01333333333333,NA
"772",1995,11,"HB",1.11,NA
"773",1995,11,"LTB",1.77142857142857,NA
"774",1995,11,"OTB",1.02,NA
"775",1995,12,"HB",1.2,NA
"776",1995,12,"LTB",2.975,NA
"777",1995,12,"OTB",1.20666666666667,NA
"778",1996,1,"HB",1.08888888888889,NA
"779",1996,1,"LTB",2.78571428571429,NA
"780",1996,1,"OTB",1.31538461538462,NA
"781",1996,2,"HB",1.04444444444444,NA
"782",1996,2,"LTB",3.0375,NA
"783",1996,2,"OTB",1.39090909090909,NA
"784",1996,3,"HB",1.35,NA
"785",1996,3,"LTB",3.0125,NA
"786",1996,3,"OTB",1.4,NA
"787",1996,4,"HB",1.21,NA
"788",1996,4,"LTB",2.8125,NA
"789",1996,4,"OTB",1.20769230769231,NA
"790",1996,5,"HB",1.63,NA
"791",1996,5,"LTB",2.93333333333333,NA
"792",1996,5,"OTB",1.23333333333333,NA
"793",1996,6,"HB",1.675,NA
"794",1996,6,"LTB",3.3,NA
"795",1996,6,"OTB",1.83571428571429,NA
"796",1996,7,"HB",1.21111111111111,NA
"797",1996,7,"LTB",3.6,NA
"798",1996,7,"OTB",2.28181818181818,NA
"799",1996,8,"HB",1.225,NA
"800",1996,8,"LTB",4.14285714285714,NA
"801",1996,8,"OTB",1.70769230769231,NA
"802",1996,9,"HB",1.14444444444444,NA
"803",1996,9,"LTB",2.4375,NA
"804",1996,9,"OTB",1.32666666666667,NA
"805",1996,10,"HB",1.48888888888889,NA
"806",1996,10,"LTB",2.3,NA
"807",1996,10,"OTB",1.34285714285714,NA
"808",1996,11,"HB",1.08888888888889,NA
"809",1996,11,"LTB",2.275,NA
"810",1996,11,"OTB",1.81428571428571,NA
"811",1996,12,"HB",1.17777777777778,NA
"812",1996,12,"LTB",3.1625,NA
"813",1996,12,"OTB",2.57272727272727,NA
"814",1997,1,"HB",1.27777777777778,NA
"815",1997,1,"LTB",3.48333333333333,NA
"816",1997,1,"OTB",2.375,NA
"817",1997,2,"HB",1.0875,NA
"818",1997,2,"LTB",3.175,NA
"819",1997,2,"OTB",2.31818181818182,NA
"820",1997,3,"HB",1.09,NA
"821",1997,3,"LTB",4.24285714285714,NA
"822",1997,3,"OTB",1.95,NA
"823",1997,4,"HB",0.866666666666667,NA
"824",1997,4,"LTB",3.3,NA
"825",1997,4,"OTB",1.475,NA
"826",1997,5,"HB",1.07,NA
"827",1997,5,"LTB",4.12,NA
"828",1997,5,"OTB",1.76923076923077,NA
"829",1997,6,"HB",0.97,NA
"830",1997,6,"LTB",2.65,NA
"831",1997,6,"OTB",1.13333333333333,NA
"832",1997,7,"HB",1.16,NA
"833",1997,7,"LTB",3.05,NA
"834",1997,7,"OTB",1.88333333333333,NA
"835",1997,8,"HB",1.18,NA
"836",1997,8,"LTB",1.95,NA
"837",1997,8,"OTB",1.54285714285714,NA
"838",1997,9,"HB",1.34444444444444,NA
"839",1997,9,"LTB",2.8125,NA
"840",1997,9,"OTB",1.3,NA
"841",1997,10,"HB",1.22222222222222,NA
"842",1997,10,"LTB",2.11428571428571,NA
"843",1997,10,"OTB",1.54615384615385,NA
"844",1997,11,"HB",1.34444444444444,NA
"845",1997,11,"LTB",1.8,NA
"846",1997,11,"OTB",1.45714285714286,NA
"847",1997,12,"HB",1.5,NA
"848",1997,12,"LTB",1.8125,NA
"849",1997,12,"OTB",2.35,NA
"850",1998,1,"HB",0.966666666666667,NA
"851",1998,1,"LTB",1.2125,NA
"852",1998,1,"OTB",1.47857142857143,NA
"853",1998,2,"HB",1.12,NA
"854",1998,2,"LTB",1.225,NA
"855",1998,2,"OTB",1.44666666666667,NA
"856",1998,3,"HB",0.58,NA
"857",1998,3,"LTB",1.7125,NA
"858",1998,3,"OTB",1.24285714285714,NA
"859",1998,4,"HB",0.933333333333333,NA
"860",1998,4,"LTB",2.55,NA
"861",1998,4,"OTB",1.80769230769231,NA
"862",1998,5,"HB",1.03,NA
"863",1998,5,"LTB",2.525,NA
"864",1998,5,"OTB",2.025,NA
"865",1998,6,"HB",1,NA
"866",1998,6,"LTB",3.0625,NA
"867",1998,6,"OTB",1.40666666666667,NA
"868",1998,7,"HB",1.03,NA
"869",1998,7,"LTB",2.575,NA
"870",1998,7,"OTB",1.06428571428571,NA
"871",1998,8,"HB",1.11,NA
"872",1998,8,"LTB",2.325,NA
"873",1998,8,"OTB",1.24666666666667,NA
"874",1998,9,"HB",1.02,NA
"875",1998,9,"LTB",1.975,NA
"876",1998,9,"OTB",1.32,NA
"877",1998,10,"HB",0.8,NA
"878",1998,10,"LTB",1.45,NA
"879",1998,10,"OTB",1.05333333333333,NA
"880",1998,11,"HB",1.14,NA
"881",1998,11,"LTB",2.1625,NA
"882",1998,11,"OTB",1.31428571428571,NA
"883",1998,12,"HB",1.37777777777778,NA
"884",1998,12,"LTB",1.9875,NA
"885",1998,12,"OTB",1.44166666666667,NA
"886",1999,1,"HB",2.95,NA
"887",1999,1,"LTB",1.7875,NA
"888",1999,1,"OTB",1.56,NA
"889",1999,2,"HB",2.2875,NA
"890",1999,2,"LTB",1.6,NA
"891",1999,2,"OTB",1.17333333333333,NA
"892",1999,3,"HB",1.23,NA
"893",1999,3,"LTB",2.675,NA
"894",1999,3,"OTB",1.45384615384615,NA
"895",1999,4,"HB",1.52,NA
"896",1999,4,"LTB",3.125,NA
"897",1999,4,"OTB",2.21538461538462,NA
"898",1999,5,"HB",1.14,NA
"899",1999,5,"LTB",4.77142857142857,NA
"900",1999,5,"OTB",1.70833333333333,NA
"901",1999,6,"HB",1.04444444444444,NA
"902",1999,6,"LTB",3.625,NA
"903",1999,6,"OTB",1.45714285714286,NA
"904",1999,7,"HB",0.94,NA
"905",1999,7,"LTB",2.875,NA
"906",1999,7,"OTB",1.75384615384615,NA
"907",1999,8,"HB",1.17,NA
"908",1999,8,"LTB",2.84285714285714,NA
"909",1999,8,"OTB",1.38333333333333,NA
"910",1999,9,"HB",0.911111111111111,NA
"911",1999,9,"LTB",2.375,NA
"912",1999,9,"OTB",1.99230769230769,NA
"913",1999,10,"HB",1.12,NA
"914",1999,10,"LTB",1.7375,NA
"915",1999,10,"OTB",1.65384615384615,NA
"916",1999,11,"HB",1.44,NA
"917",1999,11,"LTB",1.875,NA
"918",1999,11,"OTB",1.93571428571429,NA
"919",1999,12,"HB",1.6125,NA
"920",1999,12,"LTB",2,NA
"921",1999,12,"OTB",2.02727272727273,NA
"922",2000,1,"HB",1.5875,NA
"923",2000,1,"LTB",1.425,NA
"924",2000,1,"OTB",2.76666666666667,NA
"925",2000,2,"HB",1.97142857142857,NA
"926",2000,2,"LTB",2.0875,NA
"927",2000,2,"OTB",2.48333333333333,NA
"928",2000,3,"HB",1.225,NA
"929",2000,3,"LTB",2.3625,NA
"930",2000,3,"OTB",2.52222222222222,NA
"931",2000,4,"HB",1.35,NA
"932",2000,4,"LTB",1.825,NA
"933",2000,4,"OTB",1.23333333333333,NA
"934",2000,5,"HB",1.1,NA
"935",2000,5,"LTB",2.6625,NA
"936",2000,5,"OTB",1.91818181818182,NA
"937",2000,6,"HB",1.08,NA
"938",2000,6,"LTB",2.0625,NA
"939",2000,6,"OTB",1.30714285714286,NA
"940",2000,7,"HB",1.27777777777778,NA
"941",2000,7,"LTB",2.91428571428571,NA
"942",2000,7,"OTB",2.5,NA
"943",2000,8,"HB",1.37,NA
"944",2000,8,"LTB",2.4,NA
"945",2000,8,"OTB",1.65384615384615,NA
"946",2000,9,"HB",1.46,NA
"947",2000,9,"LTB",2.25,NA
"948",2000,9,"OTB",1.66428571428571,NA
"949",2000,10,"HB",1.23,NA
"950",2000,10,"LTB",1.65,NA
"951",2000,10,"OTB",1.38571428571429,NA
"952",2000,11,"HB",0.93,NA
"953",2000,11,"LTB",2.2625,NA
"954",2000,11,"OTB",2.45,NA
"955",2000,12,"HB",1.625,NA
"956",2000,12,"LTB",1.35,NA
"957",2000,12,"OTB",2.51428571428571,NA
"958",2001,1,"HB",1.2,NA
"959",2001,1,"LTB",1.475,NA
"960",2001,1,"OTB",2.9,NA
"961",2001,2,"HB",1.5875,NA
"962",2001,2,"LTB",3.68571428571429,NA
"963",2001,2,"OTB",2.9,NA
"964",2001,3,"HB",1.15555555555556,NA
"965",2001,3,"LTB",1.675,NA
"966",2001,3,"OTB",0.991666666666667,NA
"967",2001,4,"HB",1.08,NA
"968",2001,4,"LTB",2.575,NA
"969",2001,4,"OTB",1.04666666666667,NA
"970",2001,5,"HB",1.05,NA
"971",2001,5,"LTB",3.95,NA
"972",2001,5,"OTB",1.06666666666667,NA
"973",2001,6,"HB",0.891,NA
"974",2001,6,"LTB",2.2875,NA
"975",2001,6,"OTB",2.325,NA
"976",2001,7,"HB",1.24,NA
"977",2001,7,"LTB",2.325,NA
"978",2001,7,"OTB",1.10714285714286,NA
"979",2001,8,"HB",1.29,NA
"980",2001,8,"LTB",2.2625,NA
"981",2001,8,"OTB",1.33333333333333,NA
"982",2001,9,"HB",1.11,NA
"983",2001,9,"LTB",2.24285714285714,NA
"984",2001,9,"OTB",1.15333333333333,NA
"985",2001,10,"HB",1.17777777777778,NA
"986",2001,10,"LTB",2.22857142857143,NA
"987",2001,10,"OTB",1.46,NA
"988",2001,11,"HB",1.16666666666667,NA
"989",2001,11,"LTB",3.11428571428571,NA
"990",2001,11,"OTB",1.34285714285714,NA
"991",2001,12,"HB",1.05555555555556,NA
"992",2001,12,"LTB",2.12857142857143,NA
"993",2001,12,"OTB",1.16923076923077,NA
"994",2002,1,"HB",1.6625,NA
"995",2002,1,"LTB",2.2125,NA
"996",2002,1,"OTB",1.15333333333333,NA
"997",2002,2,"HB",1.42222222222222,NA
"998",2002,2,"LTB",2.025,NA
"999",2002,2,"OTB",1.29333333333333,NA
"1000",2002,3,"HB",1.74,NA
"1001",2002,3,"LTB",2,NA
"1002",2002,3,"OTB",0.835714285714286,NA
"1003",2002,4,"HB",1.04,NA
"1004",2002,4,"LTB",4.28571428571429,NA
"1005",2002,4,"OTB",1.28,NA
"1006",2002,5,"HB",1.27,NA
"1007",2002,5,"LTB",3.3,NA
"1008",2002,5,"OTB",1.6,NA
"1009",2002,6,"HB",1.07,NA
"1010",2002,6,"LTB",3.1125,NA
"1011",2002,6,"OTB",1.68,NA
"1012",2002,7,"HB",0.96,NA
"1013",2002,7,"LTB",3,NA
"1014",2002,7,"OTB",1.78666666666667,NA
"1015",2002,8,"HB",1.03,NA
"1016",2002,8,"LTB",2.575,NA
"1017",2002,8,"OTB",2.14285714285714,NA
"1018",2002,9,"HB",1.03,NA
"1019",2002,9,"LTB",2.7375,NA
"1020",2002,9,"OTB",2.07857142857143,NA
"1021",2002,10,"HB",1.64,NA
"1022",2002,10,"LTB",4.2,NA
"1023",2002,10,"OTB",1.68666666666667,NA
"1024",2002,11,"HB",1.8375,NA
"1025",2002,11,"LTB",4.36,NA
"1026",2002,11,"OTB",1.53076923076923,NA
"1027",2002,12,"HB",1.67142857142857,NA
"1028",2002,12,"LTB",2.52857142857143,NA
"1029",2002,12,"OTB",2.21428571428571,NA
"1030",2003,1,"HB",1.31111111111111,NA
"1031",2003,1,"LTB",2.92857142857143,NA
"1032",2003,1,"OTB",1.49166666666667,NA
"1033",2003,2,"HB",1.86666666666667,NA
"1034",2003,2,"LTB",3.85,NA
"1035",2003,2,"OTB",1.72307692307692,NA
"1036",2003,3,"HB",0.94,NA
"1037",2003,3,"LTB",3.775,NA
"1038",2003,3,"OTB",1.97692307692308,NA
"1039",2003,4,"HB",1.6,NA
"1040",2003,4,"LTB",3.0375,NA
"1041",2003,4,"OTB",1.43846153846154,NA
"1042",2003,5,"HB",0.95,NA
"1043",2003,5,"LTB",4.68333333333333,NA
"1044",2003,5,"OTB",1.97692307692308,NA
"1045",2003,6,"HB",1.33,NA
"1046",2003,6,"LTB",2.45,NA
"1047",2003,6,"OTB",1.26666666666667,NA
"1048",2003,7,"HB",0.9,NA
"1049",2003,7,"LTB",2.35,NA
"1050",2003,7,"OTB",1.16666666666667,NA
"1051",2003,8,"HB",0.92,NA
"1052",2003,8,"LTB",3.2875,NA
"1053",2003,8,"OTB",1.32,NA
"1054",2003,9,"HB",0.8125,NA
"1055",2003,9,"LTB",3.6875,NA
"1056",2003,9,"OTB",1.3,NA
"1057",2003,10,"HB",1.37,NA
"1058",2003,10,"LTB",2.75,NA
"1059",2003,10,"OTB",0.82,NA
"1060",2003,11,"HB",1.13,NA
"1061",2003,11,"LTB",2.5125,NA
"1062",2003,11,"OTB",1.14,NA
"1063",2003,12,"HB",0.877777777777778,NA
"1064",2003,12,"LTB",2.51428571428571,NA
"1065",2003,12,"OTB",1.62,NA
"1066",2004,1,"HB",1.4875,NA
"1067",2004,1,"LTB",3.3125,NA
"1068",2004,1,"OTB",1.95,NA
"1069",2004,2,"HB",1.6,NA
"1070",2004,2,"LTB",3.075,NA
"1071",2004,2,"OTB",2.28888888888889,NA
"1072",2004,3,"HB",1.49,NA
"1073",2004,3,"LTB",2.025,NA
"1074",2004,3,"OTB",2.09230769230769,NA
"1075",2004,4,"HB",1.28888888888889,NA
"1076",2004,4,"LTB",2.9125,NA
"1077",2004,4,"OTB",1.45,NA
"1078",2004,5,"HB",1.8625,NA
"1079",2004,5,"LTB",4.54,NA
"1080",2004,5,"OTB",0.906666666666667,NA
"1081",2004,6,"HB",1.68571428571429,NA
"1082",2004,6,"LTB",3.22857142857143,NA
"1083",2004,6,"OTB",1.28,NA
"1084",2004,7,"HB",1.18888888888889,NA
"1085",2004,7,"LTB",3.15714285714286,NA
"1086",2004,7,"OTB",1.97142857142857,NA
"1087",2004,8,"HB",1.12,NA
"1088",2004,8,"LTB",2.225,NA
"1089",2004,8,"OTB",1.25714285714286,NA
"1090",2004,9,"HB",0.56,NA
"1091",2004,9,"LTB",2.01428571428571,NA
"1092",2004,9,"OTB",1.95833333333333,NA
"1093",2004,10,"HB",1.17,NA
"1094",2004,10,"LTB",1.55,NA
"1095",2004,10,"OTB",1.47142857142857,NA
"1096",2004,11,"HB",1.21111111111111,NA
"1097",2004,11,"LTB",2.675,NA
"1098",2004,11,"OTB",1.66428571428571,NA
"1099",2004,12,"HB",1.57777777777778,NA
"1100",2004,12,"LTB",2.57142857142857,NA
"1101",2004,12,"OTB",2.08,NA
"1102",2005,1,"HB",1.45714285714286,NA
"1103",2005,1,"LTB",1.725,NA
"1104",2005,1,"OTB",2.91111111111111,NA
"1105",2005,2,"HB",1.68888888888889,NA
"1106",2005,2,"LTB",3.13333333333333,NA
"1107",2005,2,"OTB",2.45,NA
"1108",2005,3,"HB",0.95,NA
"1109",2005,3,"LTB",4.04285714285714,NA
"1110",2005,3,"OTB",2.13333333333333,NA
"1111",2005,4,"HB",1.16,NA
"1112",2005,4,"LTB",1.35,NA
"1113",2005,4,"OTB",1.58,NA
"1114",2005,5,"HB",1.65555555555556,NA
"1115",2005,5,"LTB",4.32857142857143,NA
"1116",2005,5,"OTB",1.46428571428571,NA
"1117",2005,6,"HB",1.875,NA
"1118",2005,6,"LTB",2.1375,NA
"1119",2005,6,"OTB",2.31,NA
"1120",2005,7,"HB",1.05,NA
"1121",2005,7,"LTB",2.7,NA
"1122",2005,7,"OTB",2.24,NA
"1123",2005,8,"HB",1.21111111111111,NA
"1124",2005,8,"LTB",4.4,NA
"1125",2005,8,"OTB",1.68,NA
"1126",2005,9,"HB",1.3,NA
"1127",2005,9,"LTB",3.12,NA
"1128",2005,9,"OTB",1.42142857142857,NA
"1129",2005,10,"HB",1.81428571428571,NA
"1130",2005,10,"LTB",2.61428571428571,NA
"1131",2005,10,"OTB",1.15,NA
"1132",2005,11,"HB",1.42222222222222,NA
"1133",2005,11,"LTB",2.5,NA
"1134",2005,11,"OTB",1.54285714285714,NA
"1135",2005,12,"HB",1.38333333333333,NA
"1136",2005,12,"LTB",4.36,NA
"1137",2005,12,"OTB",2.35714285714286,NA
"1138",2006,1,"HB",1.98333333333333,NA
"1139",2006,1,"LTB",4.14,NA
"1140",2006,1,"OTB",3,NA
"1141",2006,2,"HB",2.48,NA
"1142",2006,2,"LTB",5.425,NA
"1143",2006,2,"OTB",2.3,NA
"1144",2006,3,"HB",2.8,NA
"1145",2006,3,"LTB",3.2375,NA
"1146",2006,3,"OTB",3.04,NA
"1147",2006,4,"HB",1.41428571428571,NA
"1148",2006,4,"LTB",5.3,NA
"1149",2006,4,"OTB",2.53,NA
"1150",2006,5,"HB",1.3875,NA
"1151",2006,5,"LTB",6.08,NA
"1152",2006,5,"OTB",2.06923076923077,NA
"1153",2006,6,"HB",1.68,NA
"1154",2006,6,"LTB",3.01428571428571,NA
"1155",2006,6,"OTB",2.65555555555556,NA
"1156",2006,7,"HB",1.78571428571429,NA
"1157",2006,7,"LTB",3.18333333333333,NA
"1158",2006,7,"OTB",2.35,NA
"1159",2006,8,"HB",1.72857142857143,NA
"1160",2006,8,"LTB",2.9375,NA
"1161",2006,8,"OTB",2.40909090909091,NA
"1162",2006,9,"HB",1.61666666666667,NA
"1163",2006,9,"LTB",2.64285714285714,NA
"1164",2006,9,"OTB",1.61428571428571,NA
"1165",2006,10,"HB",1.57142857142857,NA
"1166",2006,10,"LTB",2.65714285714286,NA
"1167",2006,10,"OTB",2.23571428571429,NA
"1168",2006,11,"HB",2.28333333333333,NA
"1169",2006,11,"LTB",5.05,NA
"1170",2006,11,"OTB",1.775,NA
"1171",2006,12,"HB",2.48,NA
"1172",2006,12,"LTB",3.65,NA
"1173",2006,12,"OTB",2.84,NA
"1174",2007,1,"HB",1.61666666666667,NA
"1175",2007,1,"OTB",3.5,NA
"1176",2007,2,"HB",2.16,NA
"1177",2007,2,"LTB",3.32857142857143,NA
"1178",2007,2,"OTB",3.26666666666667,NA
"1179",2007,3,"HB",2.51666666666667,NA
"1180",2007,3,"LTB",3.6375,NA
"1181",2007,3,"OTB",2.28571428571429,NA
"1182",2007,4,"HB",1.24444444444444,NA
"1183",2007,4,"LTB",3.57142857142857,NA
"1184",2007,4,"OTB",1.77272727272727,NA
"1185",2007,5,"HB",0.911111111111111,NA
"1186",2007,5,"LTB",4.325,NA
"1187",2007,5,"OTB",1.57142857142857,NA
"1188",2007,6,"HB",2.04444444444444,NA
"1189",2007,6,"LTB",3.7125,NA
"1190",2007,6,"OTB",1.4,NA
"1191",2007,7,"HB",1.43333333333333,NA
"1192",2007,7,"LTB",2.25,NA
"1193",2007,7,"OTB",1.74,NA
"1194",2007,8,"HB",1.375,NA
"1195",2007,8,"LTB",1.8875,NA
"1196",2007,8,"OTB",2.04615384615385,NA
"1197",2007,9,"HB",1.55555555555556,NA
"1198",2007,9,"LTB",2.3375,NA
"1199",2007,9,"OTB",1.44,NA
"1200",2007,10,"HB",1.3125,NA
"1201",2007,10,"LTB",3.4,NA
"1202",2007,10,"OTB",1.59285714285714,NA
"1203",2007,11,"HB",1.3625,NA
"1204",2007,11,"LTB",2.8,NA
"1205",2007,11,"OTB",2.45,NA
"1206",2007,12,"HB",1.85714285714286,NA
"1207",2007,12,"LTB",6.65,NA
"1208",2007,12,"OTB",3.34,NA
"1209",2008,1,"HB",2.02,NA
"1210",2008,1,"LTB",3.81666666666667,NA
"1211",2008,1,"OTB",3.175,NA
"1212",2008,2,"HB",1.875,NA
"1213",2008,2,"LTB",3.15714285714286,NA
"1214",2008,2,"OTB",2.8,NA
"1215",2008,3,"HB",1.52857142857143,NA
"1216",2008,3,"LTB",2.7625,NA
"1217",2008,3,"OTB",2.3,NA
"1218",2008,4,"HB",1.075,NA
"1219",2008,4,"LTB",4.06,NA
"1220",2008,4,"OTB",1.59166666666667,NA
"1221",2008,5,"HB",1.42857142857143,NA
"1222",2008,5,"LTB",2.3,NA
"1223",2008,5,"OTB",1.66923076923077,NA
"1224",2008,6,"HB",1.3375,NA
"1225",2008,6,"LTB",2.025,NA
"1226",2008,6,"OTB",2.125,NA
"1227",2008,7,"HB",1.425,NA
"1228",2008,7,"LTB",2.0375,NA
"1229",2008,7,"OTB",2.11666666666667,NA
"1230",2008,8,"HB",1.01111111111111,NA
"1231",2008,8,"LTB",2.85,NA
"1232",2008,8,"OTB",1.30714285714286,NA
"1233",2008,9,"HB",1.8,NA
"1234",2008,9,"LTB",3.5,NA
"1235",2008,9,"OTB",2.23,NA
"1236",2008,10,"HB",1.14444444444444,NA
"1237",2008,10,"LTB",1.6375,NA
"1238",2008,10,"OTB",2.20833333333333,NA
"1239",2008,11,"HB",0.98,NA
"1240",2008,11,"LTB",2.91666666666667,NA
"1241",2008,11,"OTB",1.60833333333333,NA
"1242",2008,12,"HB",1.47777777777778,NA
"1243",2008,12,"LTB",2.3875,NA
"1244",2008,12,"OTB",2.55,NA
"1245",2009,1,"HB",1.3,NA
"1246",2009,1,"LTB",2.52857142857143,NA
"1247",2009,1,"OTB",2.07272727272727,NA
"1248",2009,2,"HB",1.91428571428571,NA
"1249",2009,2,"LTB",2.975,NA
"1250",2009,2,"OTB",2.5,NA
"1251",2009,3,"HB",1.71111111111111,NA
"1252",2009,3,"LTB",2.9875,NA
"1253",2009,3,"OTB",2.35555555555556,NA
"1254",2009,4,"HB",1.01,NA
"1255",2009,4,"LTB",2.8,NA
"1256",2009,4,"OTB",1.06153846153846,NA
"1257",2009,5,"HB",1.26666666666667,NA
"1258",2009,5,"LTB",3.71428571428571,NA
"1259",2009,5,"OTB",1.77272727272727,NA
"1260",2009,6,"HB",1.55555555555556,NA
"1261",2009,6,"LTB",1.9125,NA
"1262",2009,6,"OTB",1.88461538461538,NA
"1263",2009,7,"HB",1.1,NA
"1264",2009,7,"LTB",3.08571428571429,NA
"1265",2009,7,"OTB",1.76153846153846,NA
"1266",2009,8,"HB",1.23333333333333,NA
"1267",2009,8,"LTB",3.55,NA
"1268",2009,8,"OTB",1.50666666666667,NA
"1269",2009,9,"HB",1.15714285714286,NA
"1270",2009,9,"LTB",4.08333333333333,NA
"1271",2009,9,"OTB",2.25,NA
"1272",2009,10,"HB",1.2,NA
"1273",2009,10,"LTB",4.12857142857143,NA
"1274",2009,10,"OTB",0.913333333333333,NA
"1275",2009,11,"HB",2.125,NA
"1276",2009,11,"LTB",4,NA
"1277",2009,11,"OTB",1.55833333333333,NA
"1278",2009,12,"HB",2.025,NA
"1279",2009,12,"LTB",4.26,NA
"1280",2009,12,"OTB",2.5,NA
"1281",2010,1,"HB",2,NA
"1282",2010,1,"LTB",2.62857142857143,NA
"1283",2010,1,"OTB",1.84444444444444,NA
"1284",2010,2,"HB",1.65714285714286,NA
"1285",2010,2,"LTB",3.7,NA
"1286",2010,2,"OTB",2.7,NA
"1287",2010,3,"HB",1.85,NA
"1288",2010,3,"LTB",2.15714285714286,NA
"1289",2010,3,"OTB",3.2,NA
"1290",2010,4,"HB",1.1625,NA
"1291",2010,4,"LTB",2.8875,NA
"1292",2010,4,"OTB",1.77142857142857,NA
"1293",2010,5,"HB",1.37777777777778,NA
"1294",2010,5,"LTB",2.925,NA
"1295",2010,5,"OTB",1.23076923076923,NA
"1296",2010,6,"HB",1.43,NA
"1297",2010,6,"LTB",3.6,NA
"1298",2010,6,"OTB",1.26,NA
"1299",2010,7,"HB",1.2,NA
"1300",2010,7,"LTB",4.74285714285714,NA
"1301",2010,7,"OTB",1.58,NA
"1302",2010,8,"HB",0.96,NA
"1303",2010,8,"LTB",2.075,NA
"1304",2010,8,"OTB",1.10714285714286,NA
"1305",2010,9,"HB",1.26666666666667,NA
"1306",2010,9,"LTB",2.62857142857143,NA
"1307",2010,9,"OTB",1.40666666666667,NA
"1308",2010,10,"HB",1.4,NA
"1309",2010,10,"LTB",1.825,NA
"1310",2010,10,"OTB",1.74166666666667,NA
"1311",2010,11,"HB",1.76,NA
"1312",2010,11,"LTB",2.36666666666667,NA
"1313",2010,11,"OTB",1.87857142857143,NA
"1314",2010,12,"HB",2.6,NA
"1315",2010,12,"LTB",2.05,NA
"1316",2010,12,"OTB",1.51538461538462,NA
"1317",2011,1,"HB",2.0125,NA
"1318",2011,1,"LTB",3.63333333333333,NA
"1319",2011,1,"OTB",1.64,NA
"1320",2011,2,"HB",1.45714285714286,NA
"1321",2011,2,"LTB",3.81428571428571,NA
"1322",2011,2,"OTB",2.325,NA
"1323",2011,3,"HB",1.1625,NA
"1324",2011,3,"LTB",3.8,NA
"1325",2011,3,"OTB",1.86666666666667,NA
"1326",2011,4,"HB",1.5,NA
"1327",2011,4,"LTB",6.01666666666667,NA
"1328",2011,4,"OTB",1.94545454545455,NA
"1329",2011,5,"HB",1.18571428571429,NA
"1330",2011,5,"LTB",5.82,NA
"1331",2011,5,"OTB",1.04,NA
"1332",2011,6,"HB",1.21,NA
"1333",2011,6,"LTB",3.28571428571429,NA
"1334",2011,6,"OTB",1.14285714285714,NA
"1335",2011,7,"HB",1.81428571428571,NA
"1336",2011,7,"LTB",3.1375,NA
"1337",2011,7,"OTB",1.22142857142857,NA
"1338",2011,8,"HB",1.6,NA
"1339",2011,8,"LTB",4.675,NA
"1340",2011,8,"OTB",1.40909090909091,NA
"1341",2011,9,"HB",1.5375,NA
"1342",2011,9,"LTB",2.0625,NA
"1343",2011,9,"OTB",1.18571428571429,NA
"1344",2011,10,"HB",1.55,NA
"1345",2011,10,"LTB",1.8,NA
"1346",2011,10,"OTB",1.30769230769231,NA
"1347",2011,11,"HB",2.11666666666667,NA
"1348",2011,11,"LTB",2.5,NA
"1349",2011,11,"OTB",2.11666666666667,NA
"1350",2011,12,"HB",2.08,NA
"1351",2011,12,"LTB",4.76,NA
"1352",2011,12,"OTB",2.4,NA
"1353",2012,1,"HB",2.4,NA
"1354",2012,1,"LTB",4.22,NA
"1355",2012,1,"OTB",2.04444444444444,NA
"1356",2012,2,"HB",1.98571428571429,NA
"1357",2012,2,"LTB",3.23333333333333,NA
"1358",2012,2,"OTB",3.16666666666667,NA
"1359",2012,3,"HB",1.51,NA
"1360",2012,3,"LTB",4.07142857142857,NA
"1361",2012,3,"OTB",1.83636363636364,NA
"1362",2012,4,"HB",2.76,NA
"1363",2012,4,"LTB",2.825,NA
"1364",2012,4,"OTB",1.87272727272727,NA
"1365",2012,5,"HB",1.4,NA
"1366",2012,5,"LTB",4.42,NA
"1367",2012,5,"OTB",1.61428571428571,NA
"1368",2012,6,"HB",1.57777777777778,NA
"1369",2012,6,"LTB",2.875,NA
"1370",2012,6,"OTB",1.42142857142857,NA
"1371",2012,7,"HB",0.975,NA
"1372",2012,7,"LTB",2.3375,NA
"1373",2012,7,"OTB",2.72222222222222,NA
"1374",2012,8,"HB",1.45555555555556,NA
"1375",2012,8,"LTB",1.9625,NA
"1376",2012,8,"OTB",1.43076923076923,NA
"1377",2012,9,"HB",0.82,NA
"1378",2012,9,"LTB",1.77142857142857,NA
"1379",2012,9,"OTB",1.8,NA
"1380",2012,10,"HB",1.2,NA
"1381",2012,10,"LTB",2.6875,NA
"1382",2012,10,"OTB",1.68181818181818,NA
"1383",2012,11,"HB",1.8125,NA
"1384",2012,11,"LTB",3.11428571428571,NA
"1385",2012,11,"OTB",2.64444444444444,NA
"1386",2012,12,"HB",2.05,NA
"1387",2012,12,"LTB",3.51666666666667,NA
"1388",2012,12,"OTB",3.8,NA
"1389",2013,1,"HB",1.98333333333333,NA
"1390",2013,1,"LTB",4.75,NA
"1391",2013,1,"OTB",3.8,NA
"1392",2013,2,"HB",1.92857142857143,NA
"1393",2013,2,"LTB",3.22857142857143,NA
"1394",2013,2,"OTB",4.1,NA
"1395",2013,3,"HB",1.5,NA
"1396",2013,3,"LTB",6.2,NA
"1397",2013,3,"OTB",3.6,NA
"1398",2013,4,"HB",1.3125,NA
"1399",2013,4,"LTB",3.525,NA
"1400",2013,4,"OTB",2.4,NA
"1401",2013,5,"HB",1.61428571428571,NA
"1402",2013,5,"LTB",4.25,NA
"1403",2013,5,"OTB",2.09166666666667,NA
"1404",2013,6,"HB",1.275,NA
"1405",2013,6,"LTB",2.775,NA
"1406",2013,6,"OTB",2,NA
"1407",2013,7,"HB",1.24444444444444,NA
"1408",2013,7,"LTB",2.1,NA
"1409",2013,7,"OTB",2.51818181818182,NA
"1410",2013,8,"HB",1.55555555555556,NA
"1411",2013,8,"LTB",2.6625,NA
"1412",2013,8,"OTB",1.7,NA
"1413",2013,9,"HB",1.16,NA
"1414",2013,9,"LTB",4.73333333333333,NA
"1415",2013,9,"OTB",1.35,NA
"1416",2013,10,"HB",1.77142857142857,NA
"1417",2013,10,"LTB",9.4,NA
"1418",2013,10,"OTB",1.84666666666667,NA
"1419",2013,11,"HB",2.625,NA
"1420",2013,11,"LTB",2.6875,NA
"1421",2013,11,"OTB",3.06,NA
"1422",2013,12,"LTB",2.85,NA
"1423",2013,12,"OTB",3.04285714285714,NA
"1424",2014,1,"HB",2.9,NA
"1425",2014,1,"LTB",3.3,NA
"1426",2014,1,"OTB",3.15,NA
"1427",2014,2,"HB",3.65,NA
"1428",2014,2,"LTB",3.61666666666667,NA
"1429",2014,2,"OTB",3.6,NA
"1430",2014,3,"HB",2.6,NA
"1431",2014,3,"LTB",4.38571428571429,NA
"1432",2014,3,"OTB",3.04,NA
"1433",2014,4,"HB",1.6625,NA
"1434",2014,4,"LTB",7.93333333333333,NA
"1435",2014,4,"OTB",2.775,NA
"1436",2014,5,"HB",2.15,NA
"1437",2014,5,"LTB",3.38571428571429,NA
"1438",2014,5,"OTB",2.23571428571429,NA
"1439",2014,6,"HB",1.6125,NA
"1440",2014,6,"LTB",3.95714285714286,NA
"1441",2014,6,"OTB",2.07777777777778,NA
"1442",2014,7,"HB",1.7,NA
"1443",2014,7,"LTB",3.2,NA
"1444",2014,7,"OTB",1.74166666666667,NA
"1445",2014,8,"HB",1.34285714285714,NA
"1446",2014,8,"LTB",4.12,NA
"1447",2014,8,"OTB",2.34615384615385,NA
"1448",2014,9,"HB",1.475,NA
"1449",2014,9,"LTB",2.61428571428571,NA
"1450",2014,9,"OTB",1.56666666666667,NA
"1451",2014,10,"HB",1.24,NA
"1452",2014,10,"LTB",3.5875,NA
"1453",2014,10,"OTB",1.49285714285714,NA
"1454",2014,11,"HB",1.72,NA
"1455",2014,11,"LTB",3.25,NA
"1456",2014,11,"OTB",2.81428571428571,NA
"1457",2014,12,"HB",1.88333333333333,NA
"1458",2014,12,"LTB",4.25,NA
"1459",2014,12,"OTB",2.68,NA
"1460",2015,1,"HB",2.18333333333333,NA
"1461",2015,1,"LTB",2.57142857142857,NA
"1462",2015,1,"OTB",3.63333333333333,NA
"1463",2015,2,"HB",1.88,NA
"1464",2015,2,"LTB",2.35714285714286,NA
"1465",2015,2,"OTB",3.76666666666667,NA
"1466",2015,3,"HB",1.7,NA
"1467",2015,3,"LTB",2.575,NA
"1468",2015,3,"OTB",2.93333333333333,NA
"1469",2015,4,"HB",1.65714285714286,NA
"1470",2015,4,"LTB",3.15,NA
"1471",2015,4,"OTB",1.96666666666667,NA
"1472",2015,5,"HB",2.16,NA
"1473",2015,5,"LTB",3.45714285714286,NA
"1474",2015,5,"OTB",1.9,NA
"1475",2015,6,"HB",1.88571428571429,NA
"1476",2015,6,"LTB",3.17142857142857,NA
"1477",2015,6,"OTB",2.21818181818182,NA
"1478",2015,7,"HB",1.74444444444444,NA
"1479",2015,7,"LTB",2.6,NA
"1480",2015,7,"OTB",1.92727272727273,NA
"1481",2015,8,"HB",0.86,NA
"1482",2015,8,"LTB",2.425,NA
"1483",2015,8,"OTB",1.22857142857143,NA
"1484",2015,9,"HB",1.51,NA
"1485",2015,9,"LTB",3.125,NA
"1486",2015,9,"OTB",1.29285714285714,NA
"1487",2015,10,"HB",2.2,NA
"1488",2015,10,"LTB",3.4625,NA
"1489",2015,10,"OTB",2.96666666666667,NA
"1490",2015,11,"HB",1.88,NA
"1491",2015,11,"LTB",3.63333333333333,NA
"1492",2015,11,"OTB",4.96666666666667,NA
"1493",2015,12,"HB",1.74,NA
"1494",2015,12,"LTB",3.33333333333333,NA
"1495",2015,12,"OTB",3.1,NA
"1496",2016,1,"HB",1.8,NA
"1497",2016,1,"LTB",2.5,NA
"1498",2016,1,"OTB",4.075,NA
"1499",2016,2,"HB",2,NA
"1500",2016,2,"LTB",2.3,NA
"1501",2016,2,"OTB",2.91111111111111,NA
"1502",2016,3,"HB",1.56666666666667,NA
"1503",2016,3,"LTB",2.4,NA
"1504",2016,3,"OTB",3.8,NA
"1505",2016,4,"HB",2.7,NA
"1506",2016,4,"LTB",3.64,NA
"1507",2016,4,"OTB",2.65,NA
"1508",2016,5,"HB",2.075,NA
"1509",2016,5,"LTB",5.12,NA
"1510",2016,5,"OTB",2.65,NA
"1511",2016,6,"HB",1.04444444444444,NA
"1512",2016,6,"LTB",1.75,NA
"1513",2016,6,"OTB",1.85384615384615,NA
"1514",2016,7,"HB",1.4125,NA
"1515",2016,7,"LTB",4,NA
"1516",2016,7,"OTB",2.61666666666667,NA
"1517",2016,8,"HB",1.76666666666667,NA
"1518",2016,8,"LTB",5.32,NA
"1519",2016,8,"OTB",2.22666666666667,NA
"1520",2016,9,"HB",1.725,NA
"1521",2016,9,"LTB",3.43333333333333,NA
"1522",2016,9,"OTB",1.4,NA
"1523",2016,10,"HB",1.91666666666667,NA
"1524",2016,10,"LTB",3.75714285714286,NA
"1525",2016,10,"OTB",2.03333333333333,NA
"1526",2016,11,"HB",1.175,NA
"1527",2016,11,"LTB",2.275,NA
"1528",2016,11,"OTB",2.46,NA
"1529",2016,12,"HB",1.98333333333333,NA
"1530",2016,12,"LTB",5.13333333333333,NA
"1531",2016,12,"OTB",2.43333333333333,NA
"1532",2017,1,"HB",2.2,NA
"1533",2017,1,"LTB",4.28333333333333,NA
"1534",2017,1,"OTB",2.4125,NA
"1535",2017,2,"HB",1.86666666666667,NA
"1536",2017,2,"LTB",4.2,NA
"1537",2017,2,"OTB",3.3,NA
"1538",2017,3,"HB",1.45714285714286,NA
"1539",2017,3,"LTB",4.62,NA
"1540",2017,3,"OTB",2.57,NA
"1541",2017,4,"HB",1.28888888888889,NA
"1542",2017,4,"LTB",5.1,NA
"1543",2017,4,"OTB",1.93333333333333,NA
"1544",2017,5,"HB",1.9,NA
"1545",2017,5,"LTB",2.85714285714286,NA
"1546",2017,5,"OTB",1.56428571428571,NA
"1547",2017,6,"HB",2.04,NA
"1548",2017,6,"LTB",2.85,NA
"1549",2017,6,"OTB",1.96666666666667,NA
"1550",2017,7,"HB",1.58888888888889,NA
"1551",2017,7,"LTB",4.7,NA
"1552",2017,7,"OTB",1.87692307692308,NA
"1553",2017,8,"HB",1.4125,NA
"1554",2017,8,"LTB",3.9,NA
"1555",2017,8,"OTB",2.36666666666667,NA
"1556",2017,9,"HB",0.61,NA
"1557",2017,9,"LTB",2.8375,NA
"1558",2017,9,"OTB",1.58666666666667,NA
"1559",2017,10,"HB",1.45,NA
"1560",2017,10,"LTB",3.15,NA
"1561",2017,10,"OTB",2.03076923076923,NA
"1562",2017,11,"HB",1.1375,NA
"1563",2017,11,"LTB",2.42857142857143,NA
"1564",2017,11,"OTB",2.65,NA
"1565",2017,12,"HB",1.9,NA
"1566",2017,12,"LTB",3.14,NA
"1567",2017,12,"OTB",1.95454545454545,NA
"1568",2018,1,"HB",1.98333333333333,NA
"1569",2018,1,"LTB",3.7,NA
"1570",2018,1,"OTB",4.1,NA
"1571",2018,2,"HB",1.78,NA
"1572",2018,2,"LTB",2.775,NA
"1573",2018,2,"OTB",2.76,NA
"1574",2018,3,"HB",1.5,NA
"1575",2018,3,"LTB",2.5625,NA
"1576",2018,3,"OTB",2.75714285714286,NA
"1577",2018,4,"HB",1.38571428571429,NA
"1578",2018,4,"LTB",2.825,NA
"1579",2018,4,"OTB",1.35454545454545,NA
"1580",2018,5,"HB",2.44,NA
"1581",2018,5,"LTB",4.33333333333333,NA
"1582",2018,5,"OTB",1.49230769230769,NA
"1583",2018,6,"HB",1.08,NA
"1584",2018,6,"LTB",3.6,NA
"1585",2018,6,"OTB",2.16666666666667,NA
"1586",2018,7,"HB",0.97,NA
"1587",2018,7,"LTB",2.44285714285714,NA
"1588",2018,7,"OTB",1.58571428571429,NA
"1589",2018,8,"HB",1.02,NA
"1590",2018,8,"LTB",3.7,NA
"1591",2018,8,"OTB",1.61428571428571,NA
"1592",2018,9,"HB",1.23333333333333,NA
"1593",2018,9,"LTB",2.71428571428571,NA
"1594",2018,9,"OTB",1.72666666666667,NA
"1595",2018,10,"HB",1.76666666666667,NA
"1596",2018,10,"LTB",2.7625,NA
"1597",2018,10,"OTB",1.25714285714286,NA
"1598",2018,11,"HB",1.4,NA
"1599",2018,11,"LTB",2.4,NA
"1600",2018,11,"OTB",2.86666666666667,NA
"1601",2018,12,"HB",1.21428571428571,NA
"1602",2018,12,"LTB",3.45,NA
"1603",2018,12,"OTB",2.68888888888889,NA
"1604",2019,1,"HB",1.82,NA
"1605",2019,1,"LTB",2.82857142857143,NA
"1606",2019,1,"OTB",2.95,NA
"1607",2019,2,"HB",1.52857142857143,NA
"1608",2019,2,"LTB",2.525,NA
"1609",2019,2,"OTB",2.81428571428571,NA
"1610",2019,3,"HB",1.63333333333333,NA
"1611",2019,3,"LTB",3.88333333333333,NA
"1612",2019,3,"OTB",2.05454545454545,NA
"1613",1972,1,"MTB",2.15512621610265,8890.32666666667
"1614",1972,2,"MTB",2.41528834965577,9963.5475
"1615",1972,3,"MTB",2.5060045573548,10337.77
"1616",1972,4,"MTB",1.51253939202948,6239.5275
"1617",1972,5,"MTB",1.80468280325802,7444.6775
"1618",1972,6,"MTB",2.368925951065,9772.29333333333
"1619",1972,7,"MTB",1.52500828242671,6290.96416666667
"1620",1972,8,"MTB",1.54997212256375,6393.945
"1621",1972,9,"MTB",1.7407422670416,7180.91
"1622",1972,10,"MTB",3.01837607873558,12451.405
"1623",1972,11,"MTB",1.37027356249394,5652.6525
"1624",1972,12,"MTB",1.77419943275478,7318.9275
"1625",1974,1,"MTB",2.10123561108725,8668.01714285714
"1626",1974,2,"MTB",1.68576594266137,6954.12166666667
"1627",1974,3,"MTB",2.32821802579269,9604.365
"1628",1974,4,"MTB",1.83078941627073,7552.3725
"1629",1974,5,"MTB",2.14898160781815,8864.97892857143
"1630",1974,6,"MTB",2.23203056821487,9207.5725
"1631",1974,7,"MTB",1.45861075134019,6017.06107142857
"1632",1974,8,"MTB",1.65577365945894,6830.3975
"1633",1974,9,"MTB",1.63423167361582,6741.5325
"1634",1974,10,"MTB",1.45622212256375,6007.2075
"1635",1974,11,"MTB",1.69414573838844,6988.69
"1636",1974,12,"MTB",2.41348055851837,9956.09
"1637",1975,1,"MTB",1.78128497665914,7348.15678571429
"1638",1975,2,"MTB",1.61610527974401,6666.7575
"1639",1975,3,"MTB",1.60959589838068,6639.905
"1640",1975,4,"MTB",2.49097505229184,10275.7702857143
"1641",1975,5,"MTB",2.18678851934452,9020.94
"1642",1975,6,"MTB",1.9085856443324,7873.2975
"1643",1975,7,"MTB",1.5823966110734,6527.7025
"1644",1975,8,"MTB",1.48393108212935,6121.5125
"1645",1975,9,"MTB",1.52583329293125,6294.3675
"1646",1975,10,"MTB",1.32525756326966,5466.9525
"1647",1975,11,"MTB",1.65317439154465,6819.675
"1648",1975,12,"MTB",0.900831474837584,3716.11
"1649",1976,1,"MTB",2.43607825075148,10049.31
"1650",1976,2,"MTB",2.26907059051682,9360.37
"1651",1976,3,"MTB",1.79088698729759,7387.767
"1652",1976,4,"MTB",1.89152950159992,7802.9375
"1653",1976,5,"MTB",1.46193760302531,6030.785
"1654",1976,6,"MTB",0.869083923203724,3585.145
"1655",1976,7,"MTB",1.88573935809173,7779.052
"1656",1976,8,"MTB",1.57683748666731,6504.77
"1657",1976,9,"MTB",1.90631508775332,7863.931
"1658",1976,10,"MTB",1.56695251139339,6463.9925
"1659",1976,11,"MTB",1.10820929894308,4571.585
"1660",1976,12,"MTB",1.23119727528362,5078.935
"1661",1977,1,"MTB",1.65615646918129,6831.97666666667
"1662",1977,2,"MTB",1.69902428973141,7008.815
"1663",1977,3,"MTB",1.26276018940496,5209.13833333333
"1664",1977,4,"MTB",0.751028434984971,3098.1425
"1665",1977,5,"MTB",0.73401956268787,3027.9775
"1666",1977,6,"MTB",1.3956989964123,5757.5375
"1667",1977,7,"MTB",1.44352455638515,5954.8275
"1668",1977,8,"MTB",1.37443376482756,5669.81416666667
"1669",1977,9,"MTB",1.11875095233478,4615.07142857143
"1670",1977,10,"MTB",0.977615024726074,4032.8575
"1671",1977,11,"MTB",1.28266144671773,5291.235
"1672",1977,12,"MTB",1.29859764375061,5356.975
"1673",1978,1,"MTB",1.90269320275381,7848.99
"1674",1978,2,"MTB",1.76763833672711,7291.86166666667
"1675",1978,3,"MTB",1.20905904129324,4987.61035714286
"1676",1978,4,"MTB",0.975922379520993,4025.875
"1677",1978,5,"MTB",0.89887132745079,3708.024
"1678",1978,6,"MTB",1.00077147774653,4128.3825
"1679",1978,7,"MTB",0.888550858140211,3665.45
"1680",1978,8,"MTB",0.878049306700281,3622.129
"1681",1978,9,"MTB",0.781571802579269,3224.14
"1682",1978,10,"MTB",0.370435372830408,1528.12
"1683",1978,11,"MTB",1.14182888102395,4710.2725
"1684",1978,12,"MTB",0.947312251527199,3907.8525
"1685",1979,1,"MTB",1.63396077765926,6740.415
"1686",1979,2,"MTB",1.81692304673251,7495.17095238095
"1687",1979,3,"MTB",1.33157180257927,5493
"1688",1979,4,"MTB",0.826738097546786,3410.46
"1689",1979,5,"MTB",0.976712436453298,4029.13414285714
"1690",1979,6,"MTB",1.11056130611849,4581.2875
"1691",1979,7,"MTB",1.05092359158344,4335.27
"1692",1979,8,"MTB",0.813347231649375,3355.22
"1693",1979,9,"MTB",0.594652380490643,2453.06
"1694",1979,10,"MTB",0.674441239212644,2782.205
"1695",1979,11,"MTB",0.923883084456511,3811.2025
"1696",1980,1,"MTB",1.01095219625715,4170.38
"1697",1980,2,"MTB",1.28723577038689,5310.105
"1698",1980,3,"MTB",1.50916985843111,6225.6275
"1699",1980,4,"MTB",1.1264085897134,4646.66071428571
"1700",1980,5,"MTB",1.36788640550761,5642.805
"1701",1980,6,"MTB",1.03019732376612,4249.77
"1702",1980,7,"MTB",1.17138950838747,4832.216
"1703",1980,8,"MTB",1.57761744885096,6507.9875
"1704",1980,9,"MTB",0.970403859206826,4003.11
"1705",1980,10,"MTB",0.829775248992257,3422.98885714286
"1706",1980,11,"MTB",1.24501599922428,5135.94
"1707",1980,12,"MTB",1.08142090080481,4461.0775
"1708",1981,1,"MTB",2.13873569766314,8822.7125
"1709",1981,2,"MTB",1.25054785222535,5158.76
"1710",1981,3,"MTB",1.6651956268787,6869.265
"1711",1981,4,"MTB",1.45376407723955,5997.06757142857
"1712",1981,5,"MTB",0.925620575972074,3818.37
"1713",1981,6,"MTB",1.01920088722971,4204.4075
"1714",1981,7,"MTB",1.07873254630079,4449.9875
"1715",1981,8,"MTB",0.9397744351789,3876.7575
"1716",1981,9,"MTB",1.1060900077572,4562.8425
"1717",1981,10,"MTB",1.49843283788838,6181.33514285714
"1718",1981,11,"MTB",1.83894841462232,7586.03
"1719",1981,12,"MTB",1.62914161737613,6720.535
"1720",1982,1,"MTB",1.95568275477553,8067.5825
"1721",1982,2,"MTB",1.77814287792107,7335.195
"1722",1982,3,"MTB",1.74845470695793,7212.72535714286
"1723",1982,4,"MTB",1.1769065742267,4854.975
"1724",1982,7,"MTB",1.3323432803258,5496.1825
"1725",1982,8,"MTB",1.31453384078348,5422.715
"1726",1982,9,"MTB",0.96728816611489,3990.25714285714
"1727",1982,10,"MTB",0.916964632017842,3782.6625
"1728",1982,11,"MTB",1.23932172985552,5112.45
"1729",1982,12,"MTB",1.54867079171919,6388.57675
"1730",1983,1,"MTB",2.32683688063609,9598.6675
"1731",1983,2,"MTB",1.88577341704645,7779.1925
"1732",1983,3,"MTB",1.6738988412683,6905.1675
"1733",1983,4,"MTB",1.52513817511878,6291.5
"1734",1983,5,"MTB",1.48565099873946,6128.6075
"1735",1983,6,"MTB",1.40330633319943,5788.91928571429
"1736",1983,7,"MTB",1.33167785804325,5493.4375
"1737",1983,8,"MTB",1.13365388344808,4676.549
"1738",1983,9,"MTB",0.953218631823912,3932.2175
"1739",1983,10,"MTB",1.08747757684476,4486.0625
"1740",1983,11,"MTB",0.990379617957917,4085.514
"1741",1983,12,"MTB",0.609970425676331,2516.25
"1742",1984,1,"MTB",1.1931030414687,4921.78866666667
"1743",1984,2,"MTB",2.36630345195384,9761.475
"1744",1984,3,"MTB",1.29179857946281,5328.9275
"1745",1984,4,"MTB",1.05137508484437,4337.1325
"1746",1984,5,"MTB",1.18081928495242,4871.11571428571
"1747",1984,6,"MTB",1.41765490158053,5848.11
"1748",1984,7,"MTB",1.72037961795792,7096.91
"1749",1984,8,"MTB",1.36339498690973,5624.277
"1750",1984,9,"MTB",1.58346080190051,6532.0925
"1751",1984,10,"MTB",1.74267017356734,7188.863
"1752",1984,11,"MTB",1.59323184330457,6572.4
"1753",1984,12,"MTB",0.673327353825269,2777.61
"1754",1985,1,"MTB",1.67734412876951,6919.38
"1755",1985,2,"MTB",1.4352601086008,5920.735
"1756",1985,3,"MTB",1.67359764375061,6903.925
"1757",1985,4,"MTB",1.23841753127121,5108.72
"1758",1985,5,"MTB",1.35648271598953,5595.7625
"1759",1985,6,"MTB",1.25231382720838,5166.045
"1760",1985,7,"MTB",1.49901009128562,6183.71642857143
"1761",1985,8,"MTB",1.65444342092505,6824.91
"1762",1985,9,"MTB",1.22485091631921,5052.755
"1763",1985,10,"MTB",1.60162788644014,6607.03535714286
"1764",1985,11,"MTB",1.7345055997285,7155.1825
"1765",1985,12,"MTB",1.81441384660138,7484.82
"1766",1986,1,"MTB",3.05845413555706,12616.735
"1767",1986,2,"MTB",2.83018762726656,11675.09
"1768",1986,3,"MTB",2.14992667022205,8868.8775
"1769",1986,4,"MTB",1.87427345513984,7731.75285714286
"1770",1986,5,"MTB",2.37761744885096,9808.1475
"1771",1986,6,"MTB",1.90006181518472,7838.135
"1772",1986,7,"MTB",1.80534519538447,7447.41
"1773",1986,8,"MTB",1.19818917870649,4942.77
"1774",1986,9,"MTB",1.62961997802127,6722.50833333333
"1775",1986,10,"MTB",1.48876483044978,6141.45267857143
"1776",1986,11,"MTB",1.71822578299234,7088.025
"1777",1986,12,"MTB",1.96634829826433,8111.58
"1778",1987,1,"MTB",1.96906634829826,8122.7925
"1779",1987,2,"MTB",2.20033574129739,9076.825
"1780",1987,3,"MTB",1.82237527877436,7517.6625
"1781",1987,4,"MTB",1.47684354697954,6092.275
"1782",1987,5,"MTB",2.30590577426549,9512.3225
"1783",1987,6,"MTB",1.78397411034617,7359.25
"1784",1987,7,"MTB",2.26331208183846,9336.615
"1785",1987,8,"MTB",1.81397629205857,7483.015
"1786",1987,9,"MTB",1.57751295175299,6507.55642857143
"1787",1987,10,"MTB",1.5188087850286,6265.39
"1788",1987,11,"MTB",1.91223698244934,7888.36
"1789",1987,12,"MTB",3.2511544894793,13411.6625
"1790",1988,1,"MTB",3.61179518568797,14899.3775
"1791",1988,2,"MTB",2.29105982740231,9451.08
"1792",1988,3,"MTB",2.50939954426452,10351.775
"1793",1988,4,"MTB",1.94326638708426,8016.3625
"1794",1988,5,"MTB",2.02412792107049,8349.9325
"1795",1988,6,"MTB",1.45796385629788,6014.3925
"1796",1988,7,"MTB",1.42484970425676,5877.79
"1797",1988,8,"MTB",1.72241830699118,7105.32
"1798",1988,9,"MTB",1.18330929409483,4881.3875
"1799",1988,10,"MTB",1.37785622515272,5683.9325
"1800",1988,11,"MTB",2.0269065742267,8361.395
"1801",1988,12,"MTB",2.48476316299816,10250.145
"1802",1989,1,"MTB",1.83254508872297,7559.615
"1803",1989,2,"MTB",2.48787392126442,10262.9775
"1804",1989,3,"MTB",2.6352788955687,10871.0525
"1805",1989,4,"MTB",1.37583389896247,5675.59
"1806",1989,5,"MTB",1.7745200232716,7320.25
"1807",1989,6,"MTB",1.36864152041113,5645.92
"1808",1989,7,"MTB",2.10016968874236,8663.62
"1809",1989,8,"MTB",1.36034858915931,5611.71
"1810",1989,9,"MTB",1.28590734994667,5304.625
"1811",1989,10,"MTB",1.20607364491419,4975.295
"1812",1989,11,"MTB",1.80279380393678,7436.885
"1813",1989,12,"MTB",1.88577281101522,7779.19
"1814",1990,1,"MTB",2.49483843207602,10291.7075
"1815",1990,2,"MTB",1.51464050227868,6248.195
"1816",1990,3,"MTB",1.50678391350722,6215.785
"1817",1990,4,"MTB",1.64155798506739,6771.755
"1818",1990,5,"MTB",1.83148392805197,7555.2375
"1819",1990,6,"MTB",1.86562409095317,7696.0725
"1820",1990,7,"MTB",1.60731419082711,6630.4925
"1821",1990,8,"MTB",1.39146708038398,5740.08
"1822",1990,9,"MTB",1.32767683991079,5476.9325
"1823",1990,10,"MTB",2.26704601335347,9352.01821428571
"1824",1990,11,"MTB",2.126861121885,8773.7275
"1825",1990,12,"MTB",3.26745531529784,13478.9066666667
"1826",1991,1,"MTB",2.11926391447687,8742.3875
"1827",1991,2,"MTB",2.59298155240958,10696.5675
"1828",1991,3,"MTB",2.24165131387569,9247.26
"1829",1991,4,"MTB",2.28237539998061,9415.255
"1830",1991,5,"MTB",2.02344734800737,8347.125
"1831",1991,6,"MTB",1.9675421797731,8116.505
"1832",1991,7,"MTB",1.54213250266654,6361.605
"1833",1991,8,"MTB",1.49361364297489,6161.455
"1834",1991,9,"MTB",1.42078687093959,5861.03
"1835",1991,10,"MTB",1.60821882229087,6634.22428571429
"1836",1991,11,"MTB",1.91245030543974,7889.24
"1837",1991,12,"MTB",2.49870369921458,10307.6525
"1838",1992,1,"MTB",2.9942645205081,12351.94
"1839",1992,2,"MTB",2.99627694818837,12360.2416666667
"1840",1992,3,"MTB",1.52142380975468,6276.1775
"1841",1992,4,"MTB",1.7766932512363,7329.215
"1842",1992,5,"MTB",2.75212959371667,11353.085
"1843",1992,6,"MTB",2.2391877969553,9237.0975
"1844",1992,7,"MTB",2.00211868515466,8259.14
"1845",1992,8,"MTB",1.80289016290119,7437.2825
"1846",1992,9,"MTB",2.01994206341511,8332.665
"1847",1992,10,"MTB",1.6436566711917,6780.4125
"1848",1992,11,"MTB",1.86123945505672,7677.985
"1849",1992,12,"MTB",1.85066724037622,7634.3725
"1850",1993,1,"MTB",1.53770362649084,6343.335
"1851",1993,2,"MTB",1.76446790458644,7278.783
"1852",1993,3,"MTB",1.70998618248812,7054.035
"1853",1993,4,"MTB",2.02030386405508,8334.1575
"1854",1993,5,"MTB",2.57853679821584,10636.98
"1855",1993,6,"MTB",1.5868466983419,6546.06
"1856",1993,7,"MTB",1.2454377969553,5137.68
"1857",1993,8,"MTB",2.12976158731698,8785.6925
"1858",1993,9,"MTB",1.58839995636575,6552.4675
"1859",1993,10,"MTB",1.97189449400433,8134.45916666667
"1860",1993,11,"MTB",2.30917046446233,9525.79
"1861",1993,12,"MTB",3.30885714632018,13649.6975
"1862",1994,1,"MTB",3.27544927114645,13511.8833333333
"1863",1994,2,"MTB",3.48207440447332,14364.2533333333
"1864",1994,3,"MTB",2.49322154077378,10285.0375
"1865",1994,4,"MTB",2.4903210753418,10273.0725
"1866",1994,5,"MTB",1.65036543682731,6808.0875
"1867",1994,6,"MTB",2.04825159992243,8449.4475
"1868",1994,7,"MTB",1.62828044700863,6716.9825
"1869",1994,8,"MTB",1.67400489673228,6905.605
"1870",1994,9,"MTB",1.24853582856589,5150.46
"1871",1994,10,"MTB",1.42806773004945,5891.065
"1872",1994,11,"MTB",1.52580117327645,6294.235
"1873",1994,12,"MTB",1.80006181518472,7425.615
"1874",1995,1,"MTB",2.55215747115291,10528.16
"1875",1995,2,"MTB",2.12983734121982,8786.005
"1876",1995,3,"MTB",2.15099873945506,8873.3
"1877",1995,4,"MTB",1.95389981091826,8060.2275
"1878",1995,5,"MTB",1.56844577232619,6470.1525
"1879",1995,6,"MTB",1.51971540773781,6269.13
"1880",1995,7,"MTB",1.96983722001358,8125.9725
"1881",1995,8,"MTB",1.55907955977892,6431.515
"1882",1995,9,"MTB",1.24033319596626,5116.6225
"1883",1995,10,"MTB",1.17358067487637,4841.255
"1884",1995,11,"MTB",1.20240291379812,4960.1525
"1885",1995,12,"MTB",2.0827965916804,8591.9525
"1886",1996,1,"MTB",1.7909077135654,7387.8525
"1887",1996,2,"MTB",1.43232934160768,5908.645
"1888",1996,3,"MTB",2.13497345583244,8807.1925
"1889",1996,4,"MTB",1.78932172985552,7381.31
"1890",1996,5,"MTB",2.09205493067003,8630.145
"1891",1996,6,"MTB",2.60776750218171,10757.5625
"1892",1996,7,"MTB",2.21840213807815,9151.3525
"1893",1996,8,"MTB",1.84982182682052,7630.885
"1894",1996,9,"MTB",1.80317499757588,7438.4575
"1895",1996,10,"MTB",1.80871715310773,7461.32
"1896",1996,11,"MTB",1.57110624939397,6481.1275
"1897",1996,12,"MTB",2.43720910501309,10053.975
"1898",1997,1,"MTB",2.07342936908109,8553.31083333333
"1899",1997,2,"MTB",1.67086504896732,6892.6525
"1900",1997,3,"MTB",1.66362903616794,6862.8025
"1901",1997,4,"MTB",1.57359946184427,6491.4125
"1902",1997,5,"MTB",2.0571032919616,8485.9625
"1903",1997,6,"MTB",1.47405095510521,6080.755
"1904",1997,7,"MTB",1.7616788276932,7267.2775
"1905",1997,8,"MTB",1.32343037913313,5459.415
"1906",1997,9,"MTB",1.6755145205081,6911.8325
"1907",1997,10,"MTB",1.5925688451469,6569.665
"1908",1997,11,"MTB",1.73790179870067,7169.1925
"1909",1997,12,"MTB",1.66190669543295,6855.6975
"1910",1998,1,"MTB",1.1377345340832,4693.3825
"1911",1998,2,"MTB",1.11666282846892,4606.4575
"1912",1998,3,"MTB",1.0497600116358,4330.47
"1913",1998,4,"MTB",1.72250921167459,7105.695
"1914",1998,5,"MTB",2.01549985455251,8314.34
"1915",1998,6,"MTB",1.42155834868612,5864.2125
"1916",1998,7,"MTB",1.3974643653641,5764.82
"1917",1998,8,"MTB",1.43667943372443,5926.59
"1918",1998,9,"MTB",1.24935154659168,5153.825
"1919",1998,10,"MTB",1.11522714050228,4600.535
"1920",1998,11,"MTB",1.3878411955784,5725.1225
"1921",1998,12,"MTB",1.71041040434403,7055.785
"1922",1999,1,"MTB",2.42461941239213,10002.04
"1923",1999,2,"MTB",2.41616285271017,9967.155
"1924",1999,3,"MTB",2.19890065936197,9070.905
"1925",1999,4,"MTB",2.66080614273247,10976.3575
"1926",1999,5,"MTB",2.03088032095414,8377.7875
"1927",1999,6,"MTB",1.61300967225831,6653.9875
"1928",1999,7,"MTB",1.8479788858722,7623.2825
"1929",1999,8,"MTB",1.70749418210026,7043.755
"1930",1999,9,"MTB",1.35282774168525,5580.685
"1931",1999,10,"MTB",1.61386841850092,6657.53
"1932",1999,11,"MTB",1.74471419567536,7197.295
"1933",1999,12,"MTB",1.99615048967323,8234.52
"1934",2000,1,"MTB",1.68598431591196,6955.0225
"1935",2000,2,"MTB",1.81102976825366,7470.86
"1936",2000,3,"MTB",1.52747987976341,6301.16
"1937",2000,4,"MTB",1.7735200717541,7316.125
"1938",2000,5,"MTB",1.93864236885484,7997.2875
"1939",2000,6,"MTB",1.4950166052555,6167.2425
"1940",2000,7,"MTB",1.97602904101619,8151.515
"1941",2000,8,"MTB",2.04074044894793,8418.4625
"1942",2000,9,"MTB",2.47291646465626,10201.275
"1943",2000,10,"MTB",1.66829426452051,6882.0475
"1944",2000,11,"MTB",2.04618260932803,8440.9125
"1945",2000,12,"MTB",2.11223758848056,8713.4025
"1946",2001,1,"MTB",1.61948935809173,6680.7175
"1947",2001,2,"MTB",2.28021489867158,9406.3425
"1948",2001,3,"MTB",1.23777380490643,5106.0645
"1949",2001,4,"MTB",1.61210244351789,6650.245
"1950",2001,5,"MTB",1.88702850770872,7784.37
"1951",2001,6,"MTB",1.53190693784544,6319.4225
"1952",2001,7,"MTB",1.81684281974207,7494.84
"1953",2001,8,"MTB",1.86003042276738,7672.9975
"1954",2001,9,"MTB",1.51859728013187,6264.5175
"1955",2001,10,"MTB",1.59370333559585,6574.345
"1956",2001,11,"MTB",1.83500557548725,7569.765
"1957",2001,12,"MTB",1.36758460195869,5641.56
"1958",2002,1,"MTB",1.98812906040919,8201.43
"1959",2002,2,"MTB",1.93022823135848,7962.5775
"1960",2002,3,"MTB",2.15267259769223,8880.205
"1961",2002,4,"MTB",1.97566905846989,8150.03
"1962",2002,5,"MTB",1.77879375545428,7337.88
"1963",2002,6,"MTB",2.15508096577136,8890.14
"1964",2002,7,"MTB",1.83648368563948,7575.8625
"1965",2002,8,"MTB",1.82654356152429,7534.8575
"1966",2002,9,"MTB",1.75506157277223,7239.98
"1967",2002,10,"MTB",2.24332638417531,9254.17
"1968",2002,11,"MTB",3.59979758557161,14849.885
"1969",2002,12,"MTB",2.56649798797634,10587.3175
"1970",2003,1,"MTB",1.90456402113837,7856.7075
"1971",2003,2,"MTB",2.37426306603316,9794.31
"1972",2003,3,"MTB",2.17961189760496,8991.335
"1973",2003,4,"MTB",2.12851922331039,8780.5675
"1974",2003,5,"MTB",2.16499018229419,8931.0175
"1975",2003,6,"MTB",2.47812954523417,10222.78
"1976",2003,7,"MTB",1.75821960147387,7253.0075
"1977",2003,8,"MTB",1.49578747697081,6170.4225
"1978",2003,9,"MTB",1.59757042082808,6590.2975
"1979",2003,10,"MTB",1.35188899932125,5576.8125
"1980",2003,11,"MTB",1.70755599728498,7044.01
"1981",2003,12,"MTB",1.90758023853389,7869.15
"1982",2004,1,"MTB",2.08184572869194,8588.03
"1983",2004,2,"MTB",2.34090892562785,9656.7175
"1984",2004,3,"MTB",2.25970437796955,9321.7325
"1985",2004,4,"MTB",1.97989612624842,8167.4675
"1986",2004,5,"MTB",2.54948729758557,10517.145
"1987",2004,6,"MTB",1.97882345098419,8163.0425
"1988",2004,7,"MTB",2.18566857364491,9016.32
"1989",2004,8,"MTB",1.9632199650926,8098.675
"1990",2004,9,"MTB",1.60997406186367,6641.465
"1991",2004,10,"MTB",1.96176852031417,8092.6875
"1992",2004,11,"MTB",2.19460874624261,9053.2
"1993",2004,12,"MTB",2.65376042373703,10947.2925
"1994",2005,1,"MTB",2.78564918064579,11491.36
"1995",2005,2,"MTB",2.40497188015127,9920.99
"1996",2005,3,"MTB",2.23403834965577,9215.855
"1997",2005,4,"MTB",1.33573947929797,5510.1925
"1998",2005,5,"MTB",2.50169264520508,10319.9825
"1999",2005,6,"MTB",2.79492570057209,11529.6275
"2000",2005,7,"MTB",2.03837026083584,8408.685
"2001",2005,8,"MTB",1.92867497333463,7956.17
"2002",2005,9,"MTB",2.01631739067197,8317.7125
"2003",2005,10,"MTB",2.40858261417628,9935.885
"2004",2005,11,"MTB",2.18882599631533,9029.345
"2005",2005,12,"MTB",3.06489988364201,12643.325
"2006",2006,1,"MTB",4.3000452503313,17738.5466666667
"2007",2006,2,"MTB",4.05175809657714,16714.3125
"2008",2006,3,"MTB",3.96645253563464,16362.41
"2009",2006,4,"MTB",2.00561407123695,8273.55916666667
"2010",2006,5,"MTB",3.44499983839167,14211.3133333333
"2011",2006,6,"MTB",2.05583850479977,8480.745
"2012",2006,7,"MTB",3.8483122030447,15875.0575
"2013",2006,8,"MTB",2.64604443420925,10915.4625
"2014",2006,9,"MTB",1.76771974692136,7292.1975
"2015",2006,10,"MTB",1.89752496848638,7827.67
"2016",2006,11,"MTB",3.52716292543392,14550.2525
"2017",2006,12,"MTB",3.22474728498012,13302.7275
"2018",2007,1,"MTB",1.39196523804906,5742.135
"2019",2007,2,"MTB",2.57320372345583,10614.98
"2020",2007,3,"MTB",2.79464187594945,11528.4566666667
"2021",2007,4,"MTB",1.52276616891302,6281.715
"2022",2007,5,"MTB",2.09299609715893,8634.0275
"2023",2007,6,"MTB",4.08189057500242,16838.615
"2024",2007,7,"MTB",1.99050106661495,8211.215
"2025",2007,8,"MTB",1.83133120818385,7554.6075
"2026",2007,9,"MTB",1.89763041791913,7828.105
"2027",2007,10,"MTB",1.68071245030544,6933.275
"2028",2007,11,"MTB",1.77624115194415,7327.35
"2029",2007,12,"MTB",2.74891762823621,11339.835
"2030",2008,1,"MTB",2.57036749733346,10603.28
"2031",2008,2,"MTB",2.33485285561912,9631.735
"2032",2008,3,"MTB",1.92237406671192,7930.1775
"2033",2008,4,"MTB",1.82350976922331,7522.3425
"2034",2008,5,"MTB",3.11346177155047,12843.6525
"2035",2008,6,"MTB",2.10675482400853,8690.785
"2036",2008,7,"MTB",1.98799209735286,8200.865
"2037",2008,8,"MTB",2.2063912052749,9101.805
"2038",2008,9,"MTB",2.62829802191409,10842.255
"2039",2008,10,"MTB",1.46627133229904,6048.6625
"2040",2008,11,"MTB",1.72188762565047,7103.13083333333
"2041",2008,12,"MTB",2.52807076020557,10428.7975
"2042",2009,1,"MTB",1.86418375674715,7690.13083333333
"2043",2009,2,"MTB",2.23959969617635,9238.79666666667
"2044",2009,3,"MTB",2.28563645399011,9428.7075
"2045",2009,4,"MTB",1.53621097158926,6337.1775
"2046",2009,5,"MTB",2.03242145835353,8384.145
"2047",2009,6,"MTB",2.27290373800058,9376.1825
"2048",2009,7,"MTB",1.99367424609716,8224.305
"2049",2009,8,"MTB",2.05282713565403,8468.3225
"2050",2009,9,"MTB",2.74438572675264,11321.14
"2051",2009,10,"MTB",2.23077426549016,9202.39
"2052",2009,11,"MTB",3.00452159895278,12394.2525
"2053",2009,12,"MTB",3.27961310966741,13529.06
"2054",2010,1,"MTB",2.85824808494134,11790.845
"2055",2010,2,"MTB",2.81455666795953,11610.6091666667
"2056",2010,3,"MTB",2.647344371182,10920.825
"2057",2010,4,"MTB",1.84855340347135,7625.6525
"2058",2010,5,"MTB",2.03215743075083,8383.05583333333
"2059",2010,6,"MTB",2.17211892756715,8960.425
"2060",2010,7,"MTB",1.92276616891302,7931.795
"2061",2010,8,"MTB",1.39802191408901,5767.12
"2062",2010,9,"MTB",1.76977601086008,7300.68
"2063",2010,10,"MTB",1.61977540482886,6681.8975
"2064",2010,11,"MTB",2.01895968680306,8328.6125
"2065",2010,12,"MTB",2.98313273699861,12306.0191666667
"2066",2011,1,"MTB",3.16708179805424,13064.8458333333
"2067",2011,2,"MTB",2.11266302239891,8715.1575
"2068",2011,3,"MTB",1.76504836129157,7281.1775
"2069",2011,4,"MTB",2.08337292737322,8594.33
"2070",2011,5,"MTB",2.32997733443227,9611.6225
"2071",2011,6,"MTB",1.80633181421507,7451.48
"2072",2011,7,"MTB",2.49430633666246,10289.5125
"2073",2011,8,"MTB",2.23616491321633,9224.6275
"2074",2011,9,"MTB",1.68702487152138,6959.315
"2075",2011,10,"MTB",1.80871715310773,7461.32
"2076",2011,11,"MTB",2.24210462523029,9249.13
"2077",2011,12,"MTB",3.18004662400207,13118.3283333333
"2078",2012,1,"MTB",3.31569580464786,13677.9083333333
"2079",2012,2,"MTB",2.58182936584893,10650.5625
"2080",2012,3,"MTB",2.06142187045477,8503.7775
"2081",2012,4,"MTB",3.34998424318821,13819.355
"2082",2012,5,"MTB",2.49181615436827,10279.24
"2083",2012,6,"MTB",2.38912719383303,9855.6275
"2084",2012,7,"MTB",1.90172537089111,7844.9975
"2085",2012,8,"MTB",1.80021211092795,7426.235
"2086",2012,9,"MTB",1.39314396877727,5746.9975
"2087",2012,10,"MTB",1.68447287404247,6948.7875
"2088",2012,11,"MTB",2.82098201299331,11637.115
"2089",2012,12,"MTB",3.20316590710753,13213.7
"2090",2013,1,"MTB",3.57865921652284,14762.685
"2091",2013,2,"MTB",3.092070283461,12755.4083333333
"2092",2013,3,"MTB",2.43139423543101,10029.9875
"2093",2013,4,"MTB",2.04019926306603,8416.23
"2094",2013,5,"MTB",2.5640465916804,10577.205
"2095",2013,6,"MTB",2.17323463104819,8965.0275
"2096",2013,7,"MTB",1.94773707941433,8034.805
"2097",2013,8,"MTB",2.15882320857171,8905.5775
"2098",2013,9,"MTB",2.40066845243867,9903.2375
"2099",2013,10,"MTB",3.12989976243576,12911.4625
"2100",2013,11,"MTB",4.46518189017098,18419.7683333333
"2101",2013,12,"MTB",1.44937457577814,5978.96
"2102",2014,1,"MTB",3.8654863198552,15945.9041666667
"2103",2014,2,"MTB",3.73419773586735,15404.3125
"2104",2014,3,"MTB",1.71803185300107,7087.225
"2105",2014,4,"MTB",3.51622830408223,14505.145
"2106",2014,5,"MTB",2.82263466013769,11643.9325
"2107",2014,6,"MTB",2.86494533598371,11818.4725
"2108",2014,7,"MTB",2.58245054785223,10653.125
"2109",2014,8,"MTB",1.90740327741685,7868.42
"2110",2014,9,"MTB",1.42021174730922,5858.6575
"2111",2014,10,"MTB",1.78569645108116,7366.355
"2112",2014,11,"MTB",2.43229843401532,10033.7175
"2113",2014,12,"MTB",2.53778018843531,10468.8508333333
"2114",2015,1,"MTB",2.73906598467953,11299.195
"2115",2015,2,"MTB",2.63013389249814,10849.8283333333
"2116",2015,3,"MTB",2.4302900465432,10025.4325
"2117",2015,4,"MTB",2.05845958983807,8491.5575
"2118",2015,5,"MTB",2.18172755260351,9000.0625
"2119",2015,6,"MTB",3.1722243769999,13086.06
"2120",2015,7,"MTB",2.58375048482498,10658.4875
"2121",2015,8,"MTB",1.52089353243479,6273.99
"2122",2015,9,"MTB",1.84912246678949,7628
"2123",2015,10,"MTB",3.06959359546204,12662.6875
"2124",2015,11,"MTB",3.09453541646466,12765.5775
"2125",2015,12,"MTB",2.92170925046058,12052.635
"2126",2016,1,"MTB",3.01063948414622,12419.49
"2127",2016,2,"MTB",3.45447311645496,14250.3925
"2128",2016,3,"MTB",3.12516665858625,12891.9375
"2129",2016,4,"MTB",2.41941077604318,9980.55333333333
"2130",2016,5,"MTB",3.33066699796374,13739.6675
"2131",2016,6,"MTB",1.72950463007854,7134.5525
"2132",2016,7,"MTB",2.78783028701639,11500.3575
"2133",2016,8,"MTB",3.93284749830311,16223.7825
"2134",2016,9,"MTB",2.870077814409,11839.645
"2135",2016,10,"MTB",3.14068812825237,12955.9666666667
"2136",2016,11,"MTB",2.12698293416077,8774.23
"2137",2016,12,"MTB",4.11613739939882,16979.89
"2138",2017,1,"MTB",3.75104035359902,15473.7916666667
"2139",2017,2,"MTB",3.82175732893759,15765.5133333333
"2140",2017,3,"MTB",2.87371258767252,11854.6391666667
"2141",2017,4,"MTB",3.43056336662465,14151.76
"2142",2017,5,"MTB",3.67912404247067,15177.1225
"2143",2017,6,"MTB",3.02236639031643,12467.8658333333
"2144",2017,7,"MTB",2.99062106079705,12336.91
"2145",2017,8,"MTB",3.0786610346165,12700.0925
"2146",2017,9,"MTB",1.6124787889072,6651.7975
"2147",2017,10,"MTB",2.65195263259963,10939.835
"2148",2017,11,"MTB",1.99045622030447,8211.03
"2149",2017,12,"MTB",4.15152679466046,17125.8783333333
"2150",2018,1,"MTB",3.24054530689421,13367.8975
"2151",2018,2,"MTB",3.38391229516145,13959.315
"2152",2018,3,"MTB",2.81913785998255,11629.5075
"2153",2018,4,"MTB",2.51636223698245,10380.4975
"2154",2018,5,"MTB",3.81079462813924,15720.29
"2155",2018,6,"MTB",2.14001866576166,8828.005
"2156",2018,7,"MTB",1.62664901095704,6710.2525
"2157",2018,8,"MTB",2.16431021526229,8928.2125
"2158",2018,9,"MTB",2.23312869679046,9212.1025
"2159",2018,10,"MTB",2.77277950159992,11438.27
"2160",2018,11,"MTB",2.12243588189664,8755.4725
"2161",2018,12,"MTB",2.55578780018747,10543.1358333333
"2162",2019,1,"MTB",2.83128919001907,11679.6341666667
"2163",2019,2,"MTB",2.83008197582339,11674.6541666667
"2164",2019,3,"MTB",2.53796300785416,10469.605
